"pattern","n_students","n_items_form","item","n1","n0","p_correct","dxy_form_rest","remapped_form","raw_weight_form","shared_rest_item_count","dxy_common_rest","raw_weight_common_rest","pattern_divisor","min1_form_weight"
"PATTERN01",435,32,"pm00fq01",142,293,0.326436781609195,0.567346055857328,0.567346055857328,3.88026023368483,11,0.551170504254194,3.80303972408117,1.81237819812285,2.14097710825686
"PATTERN01",435,32,"pm033q01",320,115,0.735632183908046,0.322092391304348,0.322092391304348,1.81255667559225,8,0.313532608695652,1.79622188186599,1.81237819812285,1.0000984769457
"PATTERN01",435,32,"pm034q01t",167,268,0.383908045977012,0.563231745464295,0.563231745464295,3.56624280029125,8,0.487219590669407,3.25430186157508,1.81237819812285,1.96771446709354
"PATTERN01",435,32,"pm155q01",325,110,0.747126436781609,0.559636363636364,0.559636363636364,2.34559821666604,8,0.508475524475524,2.20442917414559,1.81237819812285,1.2942101262835
"PATTERN01",435,32,"pm155q04t",266,169,0.611494252873563,0.371068203052009,0.371068203052009,2.17952202190756,8,0.354851626106687,2.14171675649286,1.81237819812285,1.20257572297271
"PATTERN01",435,32,"pm192q01t",163,272,0.374712643678161,0.589543486106099,0.589543486106099,3.73245142206948,10,0.51840490797546,3.41796395220656,1.81237819812285,2.05942193849789
"PATTERN01",435,32,"pm305q01",213,222,0.489655172413793,0.297297297297297,0.297297297297297,2.31391853293467,10,0.238717590830267,2.17729411591267,1.81237819812285,1.27673050543826
"PATTERN01",435,32,"pm406q01",84,351,0.193103448275862,0.607414190747524,0.607414190747524,5.08937381391808,10,0.550773300773301,4.7361842645242,1.81237819812285,2.80811908860377
"PATTERN01",435,32,"pm406q02",41,394,0.0942528735632184,0.798811439891049,0.798811439891049,8.66538313364177,10,0.812863687012505,8.90438261628208,1.81237819812285,4.7812223423438
"PATTERN01",435,32,"pm411q01",222,213,0.510344827586207,0.666899293659857,0.666899293659857,3.49918287916682,8,0.538996743222095,2.95952601287716,1.81237819812285,1.93071340341164
"PATTERN01",435,32,"pm411q02",221,214,0.508045977011494,0.522983888019622,0.522983888019622,2.91057566649598,8,0.42829957288451,2.60862939122607,1.81237819812285,1.60594277149801
"PATTERN01",435,32,"pm423q01",322,113,0.740229885057471,0.426317814544055,0.426317814544055,2.02015411715112,10,0.347743637662837,1.8539098408293,1.81237819812285,1.11464269391646
"PATTERN01",435,32,"pm442q02",165,270,0.379310344827586,0.75016835016835,0.75016835016835,4.67846336566065,8,0.647631874298541,4.00771829591834,1.81237819812285,2.58139463965431
"PATTERN01",435,32,"pm474q01",299,136,0.68735632183908,0.302306708636632,0.302306708636632,1.86705122108123,8,0.285731851268936,1.83489927156299,1.81237819812285,1.03016645367673
"PATTERN01",435,32,"pm496q01t",228,207,0.524137931034483,0.549538096448852,0.549538096448852,2.95032333856359,10,0.5267607424358,2.86963451754291,1.81237819812285,1.62787399540524
"PATTERN01",435,32,"pm496q02",270,165,0.620689655172414,0.496430976430977,0.496430976430977,2.48445088833769,10,0.466240179573513,2.39891760049772,1.81237819812285,1.37082364536879
"PATTERN01",435,32,"pm564q01",198,237,0.455172413793103,0.380599241358735,0.380599241358735,2.63652708192643,10,0.361697140178153,2.58308461590477,1.81237819812285,1.45473339099819
"PATTERN01",435,32,"pm564q02",171,264,0.393103448275862,0.487240829346093,0.487240829346093,3.21518597863338,10,0.411749069643807,2.9511912180267,1.81237819812285,1.77401492798991
"PATTERN01",435,32,"pm571q01",193,242,0.44367816091954,0.567421744529611,0.567421744529611,3.32093210423459,10,0.509848841690575,3.09592260040011,1.81237819812285,1.83236153892946
"PATTERN01",435,32,"pm603q01t",196,239,0.450574712643678,0.400926479378362,0.400926479378362,2.71110439379297,10,0.376142088634617,2.63863342923587,1.81237819812285,1.49588225934354
"PATTERN01",435,32,"pm803q01t",111,324,0.255172413793103,0.739322655989323,0.739322655989323,5.51564884234876,8,0.63257702146591,4.71191842902676,1.81237819812285,3.04332111700611
"PATTERN01",435,32,"pm903q03",109,326,0.250574712643678,0.703861090786289,0.703861090786289,5.25706993471478,11,0.711740867901165,5.3206786233686,1.81237819812285,2.90064730427663
"PATTERN01",435,32,"pm918q01",391,44,0.898850574712644,0.472797023947919,0.472797023947919,1.81237819812285,11,0.538770053475935,1.95960213853288,1.81237819812285,1
"PATTERN01",435,32,"pm918q02",318,117,0.731034482758621,0.52244261678224,0.52244261678224,2.27915664290734,11,0.491668010535935,2.19757421214378,1.81237819812285,1.25755024269656
"PATTERN01",435,32,"pm918q05",313,122,0.719540229885058,0.581679149426491,0.581679149426491,2.48159782517213,11,0.576965379982193,2.46679529053107,1.81237819812285,1.36924943576479
"PATTERN01",435,32,"pm923q01",199,236,0.457471264367816,0.546503704965505,0.546503704965505,3.18144715836217,11,0.492568776083809,2.98245128361484,1.81237819812285,1.75539915546177
"PATTERN01",435,32,"pm923q03",192,243,0.441379310344828,0.40022719478738,0.40022719478738,2.73998778539,11,0.430727023319616,2.83434044634186,1.81237819812285,1.51181899463805
"PATTERN01",435,32,"pm923q04",47,388,0.108045977011494,0.768754112744023,0.768754112744023,7.87719310747097,11,0.751919280543979,7.65401071788491,1.81237819812285,4.34632965438984
"PATTERN01",435,32,"pm924q02",178,257,0.409195402298851,0.634088226293009,0.634088226293009,3.78315236901645,11,0.617737069907752,3.7010219914935,1.81237819812285,2.08739675468112
"PATTERN01",435,32,"pm995q01",176,259,0.404597701149425,0.744340119340119,0.744340119340119,4.48229678740779,11,0.693927693927694,4.14287182539917,1.81237819812285,2.47315752973098
"PATTERN01",435,32,"pm995q02",8,427,0.0183908045977011,0.891393442622951,0.891393442622951,15.624041414268,11,0.860070257611241,14.4099988890801,1.81237819812285,8.62074010294895
"PATTERN01",435,32,"pm995q03",154,281,0.354022988505747,0.631002449507787,0.631002449507787,4.05429811778171,11,0.588274714609234,3.83272385865169,1.81237819812285,2.23700446296524
"PATTERN02",433,30,"pm00gq01",28,405,0.0646651270207852,0.774603174603175,0.774603174603175,9.19768855330356,9,0.828659611992945,10.2020044862643,1.86191538248975,4.93990685065635
"PATTERN02",433,30,"pm033q01",331,102,0.764434180138568,0.374918547479415,0.374918547479415,1.86191538248975,8,0.356199277293999,1.82463853825419,1.86191538248975,1
"PATTERN02",433,30,"pm034q01t",129,304,0.297921478060046,0.578947368421053,0.578947368421053,4.10629419679304,8,0.516625866993064,3.80341250124216,1.86191538248975,2.20541397069404
"PATTERN02",433,30,"pm155q01",297,136,0.685912240184757,0.6558229352347,0.6558229352347,2.83751119814643,8,0.573405624876213,2.54389865517331,1.86191538248975,1.52397430346814
"PATTERN02",433,30,"pm155q04t",228,205,0.526558891454965,0.416067608044502,0.416067608044502,2.51853980787118,8,0.36949080017116,2.39321117167271,1.86191538248975,1.35266072322975
"PATTERN02",433,30,"pm411q01",203,230,0.468822170900693,0.653587491968302,0.653587491968302,3.60775124586313,8,0.550096380381238,3.15168404214233,1.86191538248975,1.93765585686222
"PATTERN02",433,30,"pm411q02",205,228,0.473441108545035,0.4533162173727,0.4533162173727,2.79571772564969,8,0.409627727856226,2.66208771836009,1.86191538248975,1.50152780944925
"PATTERN02",433,30,"pm442q02",146,287,0.337182448036952,0.707507994845115,0.707507994845115,4.63122898747857,8,0.643167390578015,4.22008825243776,1.86191538248975,2.48734664906506
"PATTERN02",433,30,"pm474q01",302,131,0.697459584295612,0.3126990546484,0.3126990546484,1.86760631879487,8,0.261741064658005,1.77069937611669,1.86191538248975,1.00305649567034
"PATTERN02",433,30,"pm803q01t",107,326,0.247113163972286,0.736138982856488,0.736138982856488,5.56108516961898,8,0.637520784358695,4.80751421790898,1.86191538248975,2.9867550490843
"PATTERN02",433,30,"pm905q01t",354,79,0.817551963048499,0.528820710863191,0.528820710863191,2.10154244004995,10,0.452406493599371,1.92186736549387,1.86191538248975,1.12869922006862
"PATTERN02",433,30,"pm905q02",163,270,0.376443418013857,0.686480345376051,0.686480345376051,4.25192408621292,10,0.623221995001136,3.89168952028123,1.86191538248975,2.28362906617553
"PATTERN02",433,30,"pm909q01",392,41,0.905311778290993,0.67919362867098,0.67919362867098,2.34362512173917,9,0.534096565455451,1.93590545969809,1.86191538248975,1.25871731002366
"PATTERN02",433,30,"pm909q02",230,203,0.531177829099307,0.568451488541444,0.568451488541444,2.99602377848825,9,0.497536945812808,2.7491621528908,1.86191538248975,1.60910845179332
"PATTERN02",433,30,"pm909q03",123,310,0.284064665127021,0.740257015473381,0.740257015473381,5.2748836837066,9,0.694702334120116,4.91381366287833,1.86191538248975,2.83304157284153
"PATTERN02",433,30,"pm919q01",344,89,0.79445727482679,0.467696629213483,0.467696629213483,2.00226462627604,10,0.440782597334727,1.94187550385646,1.86191538248975,1.0753789592729
"PATTERN02",433,30,"pm919q02",174,259,0.401847575057737,0.466804242666312,0.466804242666312,3.10445317858762,10,0.450783295610882,3.048200298951,1.86191538248975,1.6673438587936
"PATTERN02",433,30,"pm943q01",228,205,0.526558891454965,0.393731279418058,0.393731279418058,2.45724068054033,10,0.320902866923406,2.27194183464872,1.86191538248975,1.31973810606501
"PATTERN02",433,30,"pm943q02",5,428,0.0115473441108545,0.872429906542056,0.872429906542056,16.0733508389199,10,0.694859813084112,11.5224475583739,1.86191538248975,8.63269673266602
"PATTERN02",433,30,"pm949q01t",241,192,0.556581986143187,0.686138485477178,0.686138485477178,3.41181586786681,9,0.547761065006916,2.83675142923934,1.86191538248975,1.83242262239895
"PATTERN02",433,30,"pm949q02t",122,311,0.28175519630485,0.470639396974329,0.470639396974329,3.69433360118253,9,0.443571767434505,3.58206605940511,1.86191538248975,1.98415762387788
"PATTERN02",433,30,"pm953q02",223,210,0.515011547344111,0.563335468716635,0.563335468716635,3.03308545220383,10,0.48101644245142,2.74753735918335,1.86191538248975,1.62901358500406
"PATTERN02",433,30,"pm953q03",216,217,0.498845265588915,0.667818740399385,0.667818740399385,3.55129650397686,10,0.617959549411162,3.31604348174792,1.86191538248975,1.90733506870117
"PATTERN02",433,30,"pm954q01",302,131,0.697459584295612,0.591704160558111,0.591704160558111,2.57240182219356,10,0.632576715029574,2.71492834151091,1.86191538248975,1.38158900580849
"PATTERN02",433,30,"pm954q02",128,305,0.295612009237875,0.480122950819672,0.480122950819672,3.65634191422674,10,0.479021516393443,3.6516785177847,1.86191538248975,1.96375299791416
"PATTERN02",433,30,"pm954q04",105,328,0.242494226327945,0.759581881533101,0.759581881533101,5.8267206740283,10,0.706445993031359,5.34971917397556,1.86191538248975,3.12942292051791
"PATTERN02",433,30,"pm955q01",288,145,0.665127020785219,0.489655172413793,0.489655172413793,2.34969934384917,9,0.445043103448276,2.2323288888384,1.86191538248975,1.26197966134592
"PATTERN02",433,30,"pm955q02",72,361,0.166281755196305,0.754770698676516,0.754770698676516,6.67401606601459,9,0.720375500153893,6.31198595962918,1.86191538248975,3.5844894611108
"PATTERN02",433,30,"pm998q02",317,116,0.732101616628176,0.490237136952028,0.490237136952028,2.19145116582335,9,0.477455672794518,2.1591301349524,1.86191538248975,1.17698751856969
"PATTERN02",433,30,"pm998q04t",145,288,0.334872979214781,0.121048850574713,0.121048850574713,2.35836671211457,9,0.160775862068966,2.45474716240929,1.86191538248975,1.26663474306816
"PATTERN03",429,34,"pm192q01t",153,276,0.356643356643357,0.522946859903382,0.522946859903382,3.52178648605952,10,0.437316472482713,3.18867816085119,1.60093492003612,2.19983113740818
"PATTERN03",429,34,"pm273q01t",197,232,0.459207459207459,0.40760108524418,0.40760108524418,2.70229638668966,11,0.393072816383686,2.65944470486391,1.60093492003612,1.6879489308839
"PATTERN03",429,34,"pm305q01",210,219,0.48951048951049,0.179995651228528,0.179995651228528,2.05077785246025,10,0.173668188736682,2.03765584224376,1.60093492003612,1.28098764465327
"PATTERN03",429,34,"pm406q01",74,355,0.172494172494172,0.577655119908641,0.577655119908641,5.10469982950038,10,0.580700418728588,5.12446413884989,1.60093492003612,3.18857422972897
"PATTERN03",429,34,"pm406q02",40,389,0.0932400932400932,0.858547557840617,0.858547557840617,9.85557413279431,10,0.780655526992288,8.40524616056224,1.60093492003612,6.15613664831045
"PATTERN03",429,34,"pm408q01t",156,273,0.363636363636364,0.600920447074293,0.600920447074293,3.84463637580355,11,0.518596787827557,3.47012813313015,1.60093492003612,2.40149448156007
"PATTERN03",429,34,"pm420q01t",246,183,0.573426573426573,0.570860544671021,0.570860544671021,2.86457394099308,11,0.532076058465503,2.73077777297696,1.60093492003612,1.78931317266066
"PATTERN03",429,34,"pm423q01",339,90,0.79020979020979,0.257161586365126,0.257161586365126,1.60093492003612,10,0.241461815798099,1.57518870006657,1.60093492003612,1
"PATTERN03",429,34,"pm446q01",321,108,0.748251748251748,0.639494634821738,0.639494634821738,2.5992647465077,11,0.544594438675436,2.29972177902008,1.60093492003612,1.62359176127475
"PATTERN03",429,34,"pm446q02",30,399,0.0699300699300699,0.696324143692565,0.696324143692565,7.93646641410347,11,0.654302422723475,7.46939458357671,1.60093492003612,4.95739477899853
"PATTERN03",429,34,"pm447q01",273,156,0.636363636363636,0.460387902695595,0.460387902695595,2.34269887412611,11,0.357354184277261,2.09020712917145,1.60093492003612,1.46333173497974
"PATTERN03",429,34,"pm464q01t",59,370,0.137529137529138,0.806092533211177,0.806092533211177,7.81186479957966,11,0.739853412734768,6.94824721273686,1.60093492003612,4.87956424824778
"PATTERN03",429,34,"pm496q01t",209,220,0.487179487179487,0.551826881252719,0.551826881252719,3.08953287433295,10,0.575728577642453,3.18311710306415,1.60093492003612,1.92983039826706
"PATTERN03",429,34,"pm496q02",261,168,0.608391608391608,0.434865900383142,0.434865900383142,2.34620337574596,10,0.375889436234264,2.19833981199417,1.60093492003612,1.46552076938457
"PATTERN03",429,34,"pm559q01",247,182,0.575757575757576,0.518307603327846,0.518307603327846,2.67893894265543,11,0.523891088668417,2.69692713935422,1.60093492003612,1.67335905359288
"PATTERN03",429,34,"pm564q01",182,247,0.424242424242424,0.406170752324598,0.406170752324598,2.8177447483944,10,0.351514881879254,2.65509001419414,1.60093492003612,1.76006201946724
"PATTERN03",429,34,"pm564q02",167,262,0.389277389277389,0.358412945102162,0.358412945102162,2.79821557773948,10,0.368583443799424,2.82909903545603,1.60093492003612,1.74786341575731
"PATTERN03",429,34,"pm571q01",208,221,0.484848484848485,0.60942394709363,0.60942394709363,3.33360782798737,10,0.503763487643578,2.92361685531161,1.60093492003612,2.08228815941635
"PATTERN03",429,34,"pm603q01t",192,237,0.447552447552448,0.510724331926864,0.510724331926864,3.08420343721865,10,0.444444444444445,2.85640689340896,1.60093492003612,1.92650144526116
"PATTERN03",429,34,"pm800q01",332,97,0.773892773892774,0.339181468140604,0.339181468140604,1.77432745800657,11,0.307694696311017,1.71608082739754,1.60093492003612,1.10830704971227
"PATTERN03",429,34,"pm828q01",110,319,0.256410256410256,0.698176118552294,0.698176118552294,5.16181360234329,11,0.647477913935594,4.79886561665943,1.60093492003612,3.22424949180747
"PATTERN03",429,34,"pm828q02",251,178,0.585081585081585,0.450937821746721,0.450937821746721,2.45134171322056,11,0.458861184475581,2.47354992075125,1.60093492003612,1.53119385587845
"PATTERN03",429,34,"pm828q03",83,346,0.193473193473193,0.538895466258096,0.538895466258096,4.66408309054024,11,0.554843652064907,4.75628707666344,1.60093492003612,2.91334958852357
"PATTERN03",429,34,"pm905q01t",300,129,0.699300699300699,0.530439276485788,0.530439276485788,2.3787043114019,10,0.49343669250646,2.27628785172763,1.60093492003612,1.48582199165737
"PATTERN03",429,34,"pm905q02",134,295,0.312354312354312,0.72365292183152,0.72365292183152,4.92146052050949,10,0.688489754616747,4.66496473639317,1.60093492003612,3.07411654210058
"PATTERN03",429,34,"pm919q01",327,102,0.762237762237762,0.674491815074654,0.674491815074654,2.6909355716614,10,0.653564789830305,2.61230198618295,1.60093492003612,1.68085256807359
"PATTERN03",429,34,"pm919q02",146,283,0.34032634032634,0.497628152379108,0.497628152379108,3.49590832000408,10,0.467738031850525,3.37661628847924,1.60093492003612,2.18366672889189
"PATTERN03",429,34,"pm943q01",216,213,0.503496503496504,0.322791688402017,0.322791688402017,2.33836198776003,10,0.307511737089202,2.30091792470687,1.60093492003612,1.46062276392052
"PATTERN03",429,34,"pm943q02",8,421,0.0186480186480186,0.94625890736342,0.94625890736342,18.8990219909025,10,0.911223277909739,16.5367724448039,1.60093492003612,11.8049907928026
"PATTERN03",429,34,"pm953q02",184,245,0.428904428904429,0.687466725820763,0.687466725820763,3.97801348996855,10,0.653216503992901,3.78766416811901,1.60093492003612,2.48480649661812
"PATTERN03",429,34,"pm953q03",153,276,0.356643356643357,0.764729563322914,0.764729563322914,4.94443569551043,10,0.756180733162831,4.87279211683271,1.60093492003612,3.08846764077011
"PATTERN03",429,34,"pm954q01",276,153,0.643356643356643,0.680235862460926,0.680235862460926,3.07424469589737,10,0.690679170218812,3.12169990780211,1.60093492003612,1.92028086677503
"PATTERN03",429,34,"pm954q02",132,297,0.307692307692308,0.621722273237425,0.621722273237425,4.277999620865,10,0.619860218345067,4.26739242921524,1.60093492003612,2.67218833653056
"PATTERN03",429,34,"pm954q04",74,355,0.172494172494172,0.718233726684431,0.718233726684431,6.20873748609584,10,0.654967643700038,5.6565816142357,1.60093492003612,3.87819480254436
"PATTERN04",421,22,"pm00gq01",21,400,0.0498812351543943,0.902261904761905,0.902261904761905,13.0631985576652,9,0.843095238095238,11.2271341338978,1.50794247512905,8.66292897316738
"PATTERN04",421,22,"pm273q01t",223,198,0.529691211401425,0.369139828781084,0.369139828781084,2.38353735495126,11,0.337092902115324,2.30289961065162,1.50794247512905,1.58065535938118
"PATTERN04",421,22,"pm408q01t",139,282,0.330166270783848,0.43555793662942,0.43555793662942,3.30247035344084,11,0.379432624113475,3.10387638076404,1.50794247512905,2.19005062057039
"PATTERN04",421,22,"pm420q01t",252,169,0.598574821852732,0.424391847468771,0.424391847468771,2.34388508362139,11,0.424133558748943,2.34320972500255,1.50794247512905,1.55435974666129
"PATTERN04",421,22,"pm446q01",329,92,0.781472684085511,0.57611999471389,0.57611999471389,2.31127923309805,11,0.557717721686269,2.25861945824776,1.50794247512905,1.53273700503744
"PATTERN04",421,22,"pm446q02",19,402,0.0451306413301663,0.677009688400105,0.677009688400105,8.60542703451582,11,0.664833726106311,8.45666007892435,1.50794247512905,5.70673429288431
"PATTERN04",421,22,"pm447q01",301,120,0.714964370546318,0.476162790697675,0.476162790697675,2.1946107444967,11,0.416749723145072,2.05184356741364,1.50794247512905,1.45536768191962
"PATTERN04",421,22,"pm464q01t",62,359,0.147268408551069,0.823074849492317,0.823074849492317,7.89617815208896,11,0.734073142240992,6.72657656450888,1.50794247512905,5.23639215840324
"PATTERN04",421,22,"pm559q01",253,168,0.600950118764846,0.419325239977414,0.419325239977414,2.32460971359789,11,0.355990024468285,2.16913463562936,1.50794247512905,1.54157718343927
"PATTERN04",421,22,"pm800q01",341,80,0.809976247030879,0.218621700879766,0.218621700879766,1.50794247512905,11,0.20366568914956,1.48506646362767,1.50794247512905,1
"PATTERN04",421,22,"pm828q01",125,296,0.296912114014252,0.548243243243243,0.548243243243243,3.95745749535803,11,0.527810810810811,3.86025270637172,1.50794247512905,2.6244087958457
"PATTERN04",421,22,"pm828q02",256,165,0.608076009501188,0.290530303030303,0.290530303030303,2.00793730153369,11,0.251846590909091,1.92877614189703,1.50794247512905,1.33157420435541
"PATTERN04",421,22,"pm828q03",100,321,0.237529691211401,0.469813084112149,0.469813084112149,3.96661206968694,11,0.395732087227414,3.65014119355734,1.50794247512905,2.63047970006115
"PATTERN04",421,22,"pm909q01",394,27,0.935866983372922,0.620699379582628,0.620699379582628,2.09551756432603,9,0.550573416055649,1.91569315169897,1.50794247512905,1.38965351721835
"PATTERN04",421,22,"pm909q02",235,186,0.558194774346793,0.42347288949897,0.42347288949897,2.44922804070265,9,0.394806680393503,2.37280801469741,1.50794247512905,1.62421848386029
"PATTERN04",421,22,"pm909q03",124,297,0.294536817102138,0.695204735527316,0.695204735527316,4.83842721626248,9,0.699685022265667,4.87099724522143,1.50794247512905,3.2086285094187
"PATTERN04",421,22,"pm949q01t",248,173,0.589073634204275,0.621783516688421,0.621783516688421,3.00683479220761,9,0.558968860712288,2.77348671756957,1.50794247512905,1.99399833998991
"PATTERN04",421,22,"pm949q02t",119,302,0.282660332541568,0.534865601869887,0.534865601869887,3.97933649341781,9,0.447520730146363,3.59265613453337,1.50794247512905,2.63891796872241
"PATTERN04",421,22,"pm955q01",312,109,0.741092636579572,0.445042342978123,0.445042342978123,2.06115342762123,9,0.313396847800518,1.78574611581968,1.50794247512905,1.36686475884621
"PATTERN04",421,22,"pm955q02",69,352,0.163895486935867,0.600996376811594,0.600996376811594,5.35593716647501,9,0.572587285902503,5.16469455207756,1.50794247512905,3.55181796044085
"PATTERN04",421,22,"pm998q02",348,73,0.826603325415677,0.422964887419304,0.422964887419304,1.84215576551293,9,0.334671705243269,1.67338358713246,1.50794247512905,1.22163530499084
"PATTERN04",421,22,"pm998q04t",132,289,0.31353919239905,0.167741428122051,0.167741428122051,2.54924830853628,9,0.176365733459159,2.5716282843292,1.50794247512905,1.69054745163148
"PATTERN05",419,11,"pm905q01t",309,110,0.737470167064439,0.588467196234186,0.588467196234186,2.45674741051909,10,0.588467196234186,2.45674741051909,2.16694937987627,1.13373548700956
"PATTERN05",419,11,"pm905q02",158,261,0.37708830548926,0.725835394539017,0.725835394539017,4.50994322706834,10,0.725835394539017,4.50994322706834,2.16694937987627,2.08124069207646
"PATTERN05",419,11,"pm919q01",318,101,0.758949880668258,0.504358926458684,0.504358926458684,2.16694937987627,10,0.504358926458684,2.16694937987627,2.16694937987627,1
"PATTERN05",419,11,"pm919q02",153,266,0.365155131264916,0.396972824217406,0.396972824217406,3.01342084407119,10,0.396972824217406,3.01342084407119,2.16694937987627,1.39062816697788
"PATTERN05",419,11,"pm943q01",205,214,0.489260143198091,0.290563027125598,0.290563027125598,2.2985410118374,10,0.290563027125598,2.2985410118374,2.16694937987627,1.06072667556667
"PATTERN05",419,11,"pm943q02",16,403,0.0381861575178998,0.71386476426799,0.71386476426799,9.44635681525344,10,0.71386476426799,9.44635681525344,2.16694937987627,4.35928817856965
"PATTERN05",419,11,"pm953q02",186,233,0.443914081145585,0.61920254741797,0.61920254741797,3.54886358530819,10,0.61920254741797,3.54886358530819,2.16694937987627,1.63772334428543
"PATTERN05",419,11,"pm953q03",162,257,0.386634844868735,0.690925685737618,0.690925685737618,4.22170570751952,10,0.690925685737618,4.22170570751952,2.16694937987627,1.94822534699014
"PATTERN05",419,11,"pm954q01",280,139,0.668257756563246,0.645066803699897,0.645066803699897,2.84797087572562,10,0.645066803699897,2.84797087572562,2.16694937987627,1.31427660570836
"PATTERN05",419,11,"pm954q02",124,295,0.295942720763723,0.566867140513942,0.566867140513942,4.05581389033121,10,0.566867140513942,4.05581389033121,2.16694937987627,1.87166988209148
"PATTERN05",419,11,"pm954q04",89,330,0.212410501193317,0.714470548178413,0.714470548178413,5.70957401210817,10,0.714470548178413,5.70957401210817,2.16694937987627,2.63484420316002
"PATTERN06",418,24,"pm00fq01",170,248,0.406698564593301,0.508704933586338,0.508704933586338,3.23918147779474,11,0.441555977229602,2.99736452957403,1.63763378719791,1.97796448944619
"PATTERN06",418,24,"pm273q01t",214,204,0.511961722488038,0.392202675462708,0.392202675462708,2.49480549291242,11,0.339861645592817,2.35759713912895,1.63763378719791,1.52342087249017
"PATTERN06",418,24,"pm408q01t",133,285,0.318181818181818,0.603271336235325,0.603271336235325,4.11074322729338,11,0.598074132700172,4.0830564224662,1.63763378719791,2.51017245701013
"PATTERN06",418,24,"pm420q01t",231,187,0.552631578947368,0.648401509364076,0.648401509364076,3.24730268029613,11,0.60733384262796,3.07265534864879,1.63763378719791,1.98292359725459
"PATTERN06",418,24,"pm446q01",304,114,0.727272727272727,0.612361495844875,0.612361495844875,2.56122816176321,11,0.56359649122807,2.40600857040932,1.63763378719791,1.56398102053428
"PATTERN06",418,24,"pm446q02",19,399,0.0454545454545455,0.822187046563778,0.822187046563778,10.9786426724451,11,0.731433847777338,9.3299799665441,1.63763378719791,6.70396688091675
"PATTERN06",418,24,"pm447q01",255,163,0.610047846889952,0.623962468422952,0.623962468422952,2.94674705568518,11,0.592421508480693,2.82724912461238,1.63763378719791,1.79939317246699
"PATTERN06",418,24,"pm464q01t",62,356,0.148325358851675,0.753035520115984,0.753035520115984,6.92206648246974,11,0.660746647335991,6.01054495192838,1.63763378719791,4.22687082825386
"PATTERN06",418,24,"pm559q01",207,211,0.495215311004785,0.520434095748334,0.520434095748334,2.94546494566562,11,0.519014584335005,2.94046431668139,1.63763378719791,1.79861026848102
"PATTERN06",418,24,"pm800q01",301,117,0.720095693779904,0.326291279779652,0.326291279779652,1.85019422841578,11,0.386006758099781,1.97294276595511,1.63763378719791,1.12979729832124
"PATTERN06",418,24,"pm828q01",128,290,0.30622009569378,0.748572198275862,0.748572198275862,5.16966291240402,11,0.706034482758621,4.83219063604179,1.63763378719791,3.15678813713878
"PATTERN06",418,24,"pm828q02",228,190,0.545454545454545,0.431163434903047,0.431163434903047,2.50624967053168,11,0.431717451523546,2.50780623813248,1.63763378719791,1.53040911229612
"PATTERN06",418,24,"pm828q03",79,339,0.188995215311005,0.442253836675255,0.442253836675255,4.20144122571719,11,0.428587431387924,4.13742109697294,1.63763378719791,2.56555602269669
"PATTERN06",418,24,"pm903q03",140,278,0.334928229665072,0.686742034943474,0.686742034943474,4.50309925752312,11,0.649845837615622,4.27215312548687,1.63763378719791,2.74975961825274
"PATTERN06",418,24,"pm918q01",382,36,0.913875598086124,0.396015125072718,0.396015125072718,1.63763378719791,11,0.426701570680629,1.69423071210857,1.63763378719791,1
"PATTERN06",418,24,"pm918q02",327,91,0.782296650717703,0.470242295930369,0.470242295930369,2.03312495038402,11,0.453204288066674,1.99389273606107,1.63763378719791,1.24150158984129
"PATTERN06",418,24,"pm918q05",337,81,0.80622009569378,0.414844122064695,0.414844122064695,1.86376808310286,11,0.427006630765285,1.88917942971743,1.63763378719791,1.13808599802516
"PATTERN06",418,24,"pm923q01",209,209,0.5,0.57766534648932,0.57766534648932,3.142618803017,11,0.563357066001236,3.08659845899408,1.63763378719791,1.91899973460746
"PATTERN06",418,24,"pm923q03",184,234,0.440191387559809,0.404705499814195,0.404705499814195,2.75731183915766,11,0.393487551096247,2.72351518754411,1.63763378719791,1.6837169950405
"PATTERN06",418,24,"pm923q04",51,367,0.12200956937799,0.613453010632046,0.613453010632046,6.00880319270768,11,0.615109258962441,6.02197526498832,1.63763378719791,3.66919835172008
"PATTERN06",418,24,"pm924q02",228,190,0.545454545454545,0.557063711911358,0.557063711911358,2.90564667656948,11,0.518305632502308,2.77177798250678,1.63763378719791,1.7742957548166
"PATTERN06",418,24,"pm995q01",209,209,0.5,0.668116572422792,0.668116572422792,3.54752330589501,11,0.635791305144113,3.39145256696565,1.63763378719791,2.16624945920604
"PATTERN06",418,24,"pm995q02",7,411,0.0167464114832536,0.75599582898853,0.75599582898853,11.9161107526459,11,0.75564824469934,11.9091209717078,1.63763378719791,7.27641970127832
"PATTERN06",418,24,"pm995q03",194,224,0.464114832535885,0.588388254786451,0.588388254786451,3.32549224354643,11,0.565790684830633,3.23169746119288,1.63763378719791,2.03066904795397
"PATTERN07",417,34,"pm00fq01",166,251,0.398081534772182,0.560408966543465,0.560408966543465,3.48765157008647,11,0.459247347957567,3.0924542644494,1.71684015039761,2.03143639742975
"PATTERN07",417,34,"pm00kq02",27,390,0.0647482014388489,0.667331433998101,0.667331433998101,7.76140565303272,10,0.557644824311491,6.71267395655442,1.71684015039761,4.5207503163502
"PATTERN07",417,34,"pm903q03",136,281,0.326139088729017,0.658546158676994,0.658546158676994,4.37895781106434,11,0.625235503454051,4.18334757397231,1.71684015039761,2.55059145142324
"PATTERN07",417,34,"pm905q01t",356,61,0.853717026378897,0.540891508565113,0.540891508565113,2.05575591945727,10,0.561014919874746,2.10737163700945,1.71684015039761,1.1974067119651
"PATTERN07",417,34,"pm905q02",194,223,0.465227817745803,0.692755767185983,0.692755767185983,3.83292693463627,10,0.605011326337201,3.39320146450474,1.71684015039761,2.23254735378165
"PATTERN07",417,34,"pm906q01",217,200,0.520383693045564,0.484608294930875,0.484608294930875,2.7415968398371,10,0.421797235023041,2.55256853061036,1.71684015039761,1.59688532400769
"PATTERN07",417,34,"pm915q01",166,251,0.398081534772182,0.512600201603225,0.512600201603225,3.29071109335117,10,0.457783324533192,3.0872927686837,1.71684015039761,1.91672538214409
"PATTERN07",417,34,"pm915q02",222,195,0.532374100719424,0.600739200739201,0.600739200739201,3.11747589210497,10,0.498983598983599,2.74978618256904,1.71684015039761,1.81582186983627
"PATTERN07",417,34,"pm918q01",397,20,0.952038369304556,0.472040302267001,0.472040302267001,1.71684015039761,11,0.352141057934509,1.50303130331509,1.71684015039761,1
"PATTERN07",417,34,"pm918q02",327,90,0.784172661870504,0.336561331974176,0.336561331974176,1.75076882852273,11,0.355623513421679,1.78685843399805,1.71684015039761,1.01976228137329
"PATTERN07",417,34,"pm918q05",335,82,0.803357314148681,0.418747724790681,0.418747724790681,1.87732387336345,11,0.331889333818712,1.70829370019365,1.71684015039761,1.09347621729878
"PATTERN07",417,34,"pm919q01",342,75,0.820143884892086,0.58401559454191,0.58401559454191,2.24429122075192,10,0.536569200779727,2.11562605121488,1.71684015039761,1.30722200330191
"PATTERN07",417,34,"pm919q02",192,225,0.460431654676259,0.442731481481482,0.442731481481482,2.80599036156341,10,0.405856481481481,2.69287257661447,1.71684015039761,1.63439232296237
"PATTERN07",417,34,"pm923q01",228,189,0.546762589928058,0.543557968996566,0.543557968996566,2.85345221886062,11,0.517195767195767,2.76397131188929,1.71684015039761,1.66203721307413
"PATTERN07",417,34,"pm923q03",176,241,0.422062350119904,0.337325537533006,0.337325537533006,2.622130648214,11,0.305969445492267,2.53647271733654,1.71684015039761,1.52730039986933
"PATTERN07",417,34,"pm923q04",43,374,0.103117505995204,0.667640840691456,0.667640840691456,6.81712941511267,11,0.609687849769929,6.29800735430789,1.71684015039761,3.97074207143504
"PATTERN07",417,34,"pm924q02",236,181,0.565947242206235,0.502739020507538,0.502739020507538,2.65869839912305,11,0.479632924431126,2.5878410115678,1.71684015039761,1.5485998498505
"PATTERN07",417,34,"pm943q01",213,204,0.510791366906475,0.382675135782012,0.382675135782012,2.47233379896903,10,0.341273128969898,2.36436631405158,1.71684015039761,1.44004891684089
"PATTERN07",417,34,"pm943q02",15,402,0.0359712230215827,0.886567164179104,0.886567164179104,13.4622960502045,10,0.708955223880597,9.49971812611889,1.71684015039761,7.84132177191142
"PATTERN07",417,34,"pm953q02",216,201,0.517985611510791,0.523470609913396,0.523470609913396,2.87840066509486,10,0.531140593329648,2.90512931010484,1.71684015039761,1.67656882000822
"PATTERN07",417,34,"pm953q03",206,211,0.49400479616307,0.639557355174159,0.639557355174159,3.43308708358901,10,0.597363456494731,3.2457685669521,1.71684015039761,1.99965447149749
"PATTERN07",417,34,"pm954q01",318,99,0.762589928057554,0.639317705355441,0.639317705355441,2.5603035148385,10,0.647004637570675,2.58748615668216,1.71684015039761,1.49128823335448
"PATTERN07",417,34,"pm954q02",149,268,0.357314148681055,0.63172393068216,0.63172393068216,4.03921797582185,10,0.596013222478213,3.85297817158423,1.71684015039761,2.3527047494121
"PATTERN07",417,34,"pm954q04",118,299,0.282973621103118,0.715038829998299,0.715038829998299,5.07549060470618,10,0.70718780114506,5.01467107032806,1.71684015039761,2.95629770979594
"PATTERN07",417,34,"pm982q01",349,68,0.836930455635492,0.369121860778696,0.369121860778696,1.71833001809356,10,0.354415978425755,1.69129776923947,1.71684015039761,1.00086779639654
"PATTERN07",417,34,"pm982q02",136,281,0.326139088729017,0.364611680971321,0.364611680971321,3.07201783652076,10,0.37874188821436,3.11941390684161,1.71684015039761,1.78934412490837
"PATTERN07",417,34,"pm982q03t",254,163,0.609112709832134,0.365392976184725,0.365392976184725,2.17165566389369,10,0.349983092604222,2.13593911175554,1.71684015039761,1.26491430398499
"PATTERN07",417,34,"pm982q04",186,231,0.446043165467626,0.500232742168226,0.500232742168226,3.05159331128651,10,0.438905180840665,2.84368389775023,1.71684015039761,1.7774475454688
"PATTERN07",417,34,"pm992q01",317,100,0.760191846522782,0.490567823343849,0.490567823343849,2.12937554041308,10,0.462586750788644,2.06159512753046,1.71684015039761,1.24028759457887
"PATTERN07",417,34,"pm992q02",60,357,0.143884892086331,0.696638655462185,0.696638655462185,6.39714588123267,10,0.634593837535014,5.85681805979381,1.71684015039761,3.72611619069552
"PATTERN07",417,34,"pm992q03",26,391,0.0623501199040767,0.832087349990163,0.832087349990163,10.3682613744503,10,0.779756049577021,9.3662586061436,1.71684015039761,6.03915359973904
"PATTERN07",417,34,"pm995q01",197,220,0.47242206235012,0.666866635902169,0.666866635902169,3.65942666376245,11,0.601407475772958,3.34803405897748,1.71684015039761,2.13148944758482
"PATTERN07",417,34,"pm995q02",15,402,0.0359712230215827,0.860199004975124,0.860199004975124,12.5879916556896,11,0.801824212271974,11.1217501807321,1.71684015039761,7.33206970536792
"PATTERN07",417,34,"pm995q03",217,200,0.520383693045564,0.636520737327189,0.636520737327189,3.31493684180231,11,0.599723502304147,3.1567218473389,1.71684015039761,1.93083604261852
"PATTERN08",414,11,"pm00kq02",26,388,0.0628019323671498,0.316514670896114,0.316514670896114,5.14866002612621,10,0.316514670896114,5.14866002612621,1.80061308178924,2.85939276916175
"PATTERN08",414,11,"pm906q01",196,218,0.473429951690821,0.516850777008051,0.516850777008051,3.01000153629104,10,0.516850777008051,3.01000153629104,1.80061308178924,1.67165370880237
"PATTERN08",414,11,"pm915q01",189,225,0.456521739130435,0.395673133450911,0.395673133450911,2.6755575211901,10,0.395673133450911,2.6755575211901,1.80061308178924,1.48591474106777
"PATTERN08",414,11,"pm915q02",201,213,0.485507246376812,0.453997617546072,0.453997617546072,2.75740154327764,10,0.453997617546072,2.75740154327764,1.80061308178924,1.53136816074759
"PATTERN08",414,11,"pm982q01",351,63,0.847826086956522,0.421788088454756,0.421788088454756,1.80061308178924,10,0.421788088454756,1.80061308178924,1.80061308178924,1
"PATTERN08",414,11,"pm982q02",114,300,0.27536231884058,0.299473684210526,0.299473684210526,3.09369178056326,10,0.299473684210526,3.09369178056326,1.80061308178924,1.71813245824533
"PATTERN08",414,11,"pm982q03t",226,188,0.545893719806763,0.352993786480889,0.352993786480889,2.29931030700663,10,0.352993786480889,2.29931030700663,1.80061308178924,1.27695968126692
"PATTERN08",414,11,"pm982q04",176,238,0.42512077294686,0.469012605042017,0.469012605042017,3.02061991738755,10,0.469012605042017,3.02061991738755,1.80061308178924,1.67755080085612
"PATTERN08",414,11,"pm992q01",305,109,0.736714975845411,0.472582343209505,0.472582343209505,2.13657343646739,10,0.472582343209505,2.13657343646739,1.80061308178924,1.18658109178253
"PATTERN08",414,11,"pm992q02",68,346,0.164251207729469,0.654284257055423,0.654284257055423,5.7492559263137,10,0.654284257055423,5.7492559263137,1.80061308178924,3.19294355042714
"PATTERN08",414,11,"pm992q03",25,389,0.0603864734299517,0.847609254498715,0.847609254498715,10.8128584921004,10,0.847609254498715,10.8128584921004,1.80061308178924,6.0050982642844
"PATTERN09",394,22,"pm00fq01",144,250,0.365482233502538,0.498555555555556,0.498555555555556,3.37912918996608,11,0.476333333333333,3.29273874035369,1.83713416661613,1.83934807341273
"PATTERN09",394,22,"pm00gq01",19,375,0.0482233502538071,0.593684210526316,0.593684210526316,7.55577271907155,9,0.62119298245614,7.83321160167986,1.83713416661613,4.11280398371162
"PATTERN09",394,22,"pm903q03",103,291,0.261421319796954,0.629633336669669,0.629633336669669,4.64323360293492,11,0.617288893337337,4.56720527626667,1.83713416661613,2.52743304615984
"PATTERN09",394,22,"pm909q01",360,34,0.913705583756345,0.514950980392157,0.514950980392157,1.87570855540618,9,0.43733660130719,1.7146998734319,1.83713416661613,1.02099704501229
"PATTERN09",394,22,"pm909q02",217,177,0.550761421319797,0.446119399099169,0.446119399099169,2.53311870725845,9,0.406909838839855,2.4245475834471,1.83713416661613,1.37884252184166
"PATTERN09",394,22,"pm909q03",94,300,0.238578680203046,0.677978723404255,0.677978723404255,5.15998656539372,9,0.653085106382979,4.98077704010535,1.83713416661613,2.80871514947547
"PATTERN09",394,22,"pm918q01",354,40,0.898477157360406,0.553319209039547,0.553319209039547,1.99525908478517,11,0.538559322033899,1.9594788926504,1.83713416661613,1.08607151347051
"PATTERN09",394,22,"pm918q02",308,86,0.781725888324873,0.542509815765629,0.542509815765629,2.21582641228422,11,0.505209906372697,2.11872103978069,1.83713416661613,1.20613205749998
"PATTERN09",394,22,"pm918q05",283,111,0.718274111675127,0.568522586190431,0.568522586190431,2.44332665188935,11,0.546079648553147,2.3762759649571,1.83713416661613,1.32996636625064
"PATTERN09",394,22,"pm923q01",193,201,0.489847715736041,0.522723171706236,0.522723171706236,2.9718662787048,11,0.482767509602248,2.83500617148504,1.83713416661613,1.61766425811936
"PATTERN09",394,22,"pm923q03",170,224,0.431472081218274,0.350026260504201,0.350026260504201,2.62623730246793,11,0.325,2.55709067941583,1.83713416661613,1.4295293997527
"PATTERN09",394,22,"pm923q04",49,345,0.124365482233503,0.780834072759539,0.780834072759539,7.69459606877408,11,0.762259686483289,7.44785151604372,1.83713416661613,4.18836915049432
"PATTERN09",394,22,"pm924q02",197,197,0.5,0.553376794042619,0.553376794042619,3.04803024329936,11,0.547630704218094,3.02653944614768,1.83713416661613,1.65912228877307
"PATTERN09",394,22,"pm949q01t",239,155,0.606598984771574,0.58572007018491,0.58572007018491,2.8131688839609,9,0.50228100958294,2.53978016980211,1.83713416661613,1.53128113073122
"PATTERN09",394,22,"pm949q02t",112,282,0.284263959390863,0.703552431610942,0.703552431610942,4.97557313276467,9,0.577190982776089,4.18189765863563,1.83713416661613,2.70833411254298
"PATTERN09",394,22,"pm955q01",311,83,0.789340101522843,0.386200751559292,0.386200751559292,1.83713416661613,9,0.243869368147832,1.58035387921148,1.83713416661613,1
"PATTERN09",394,22,"pm955q02",97,297,0.246192893401015,0.534208059981256,0.534208059981256,4.2159700355571,9,0.446908952063591,3.80678280112361,1.83713416661613,2.2948623525535
"PATTERN09",394,22,"pm995q01",193,201,0.489847715736041,0.663186657386642,0.663186657386642,3.56450501089157,11,0.579975768824272,3.18927544575061,1.83713416661613,1.94025296337346
"PATTERN09",394,22,"pm995q02",5,389,0.0126903553299492,0.833419023136247,0.833419023136247,14.4185887869002,11,0.723907455012853,11.8287393348204,1.83713416661613,7.84841360468419
"PATTERN09",394,22,"pm995q03",158,236,0.401015228426396,0.589304870199528,0.589304870199528,3.60275629753486,11,0.599656726024458,3.6512125206073,1.83713416661613,1.96107413546768
"PATTERN09",394,22,"pm998q02",318,76,0.807106598984772,0.504592850049653,0.504592850049653,2.06303826139249,9,0.400115855676928,1.83186768279082,1.83713416661613,1.12296548552709
"PATTERN09",394,22,"pm998q04t",119,275,0.302030456852792,0.136562261268144,0.136562261268144,2.51228677286402,9,0.127028265851795,2.4882923750744,1.83713416661613,1.3675031571001
"PATTERN10",297,9,"pm033q01",212,85,0.713804713804714,0.387014428412875,0.387014428412875,1.98673391809595,8,0.387014428412875,1.98673391809595,1.75261161395203,1.13358481838197
"PATTERN10",297,9,"pm034q01t",101,196,0.34006734006734,0.511669024045261,0.511669024045261,3.55006480858783,8,0.511669024045261,3.55006480858783,1.75261161395203,2.02558557773256
"PATTERN10",297,9,"pm155q01",205,92,0.69023569023569,0.417232237539767,0.417232237539767,2.10526320983156,8,0.417232237539767,2.10526320983156,1.75261161395203,1.20121491440098
"PATTERN10",297,9,"pm155q04t",157,140,0.528619528619529,0.268789808917197,0.268789808917197,2.14417027613989,8,0.268789808917197,2.14417027613989,1.75261161395203,1.22341439430777
"PATTERN10",297,9,"pm411q01",139,158,0.468013468013468,0.488206902832165,0.488206902832165,2.92570302927149,8,0.488206902832165,2.92570302927149,1.75261161395203,1.66933906290522
"PATTERN10",297,9,"pm411q02",136,161,0.457912457912458,0.244747899159664,0.244747899159664,2.27402311344251,8,0.244747899159664,2.27402311344251,1.75261161395203,1.29750544578141
"PATTERN10",297,9,"pm442q02",100,197,0.336700336700337,0.574467005076142,0.574467005076142,3.8514268878792,8,0.574467005076142,3.8514268878792,1.75261161395203,2.1975358700234
"PATTERN10",297,9,"pm474q01",214,83,0.720538720538721,0.275700934579439,0.275700934579439,1.75261161395203,8,0.275700934579439,1.75261161395203,1.75261161395203,1
"PATTERN10",297,9,"pm803q01t",83,214,0.279461279461279,0.52724918365049,0.52724918365049,3.95567555136197,8,0.52724918365049,3.95567555136197,1.75261161395203,2.25701776701237
"PATTERN11",295,32,"pm00kq02",21,274,0.0711864406779661,0.669621133124783,0.669621133124783,7.56105335808718,10,0.64754953076121,7.33057539972704,1.43808331171004,5.25772971323633
"PATTERN11",295,32,"pm033q01",210,85,0.711864406779661,0.35109243697479,0.35109243697479,1.91491191540058,8,0.376526610644258,1.96814707943379,1.43808331171004,1.33157230864708
"PATTERN11",295,32,"pm034q01t",84,211,0.284745762711864,0.589990972692394,0.589990972692394,4.24081060454352,8,0.575603701196118,4.16391540913154,1.43808331171004,2.94893249230514
"PATTERN11",295,32,"pm155q01",182,113,0.616949152542373,0.572255178449869,0.572255178449869,2.7317949942366,8,0.507536711076534,2.52468110036337,1.43808331171004,1.89960829945811
"PATTERN11",295,32,"pm155q04t",145,150,0.491525423728814,0.387540229885057,0.387540229885057,2.53988135408468,8,0.408137931034483,2.59794184684649,1.43808331171004,1.76615731049996
"PATTERN11",295,32,"pm273q01t",135,160,0.457627118644068,0.500046296296296,0.500046296296296,3.00408334292793,11,0.477453703703704,2.92602990691053,1.43808331171004,2.08894944991451
"PATTERN11",295,32,"pm408q01t",94,201,0.31864406779661,0.501693659362761,0.501693659362761,3.61737407914669,11,0.456017783423309,3.43121374188698,1.43808331171004,2.51541343237287
"PATTERN11",295,32,"pm411q01",118,177,0.4,0.525327970889591,0.525327970889591,3.32822484920668,8,0.486785406492387,3.18003276012458,1.43808331171004,2.31434773083421
"PATTERN11",295,32,"pm411q02",139,156,0.471186440677966,0.4966334624608,0.4966334624608,2.9432814187136,8,0.475189079505626,2.87080397024913,1.43808331171004,2.04666961555497
"PATTERN11",295,32,"pm420q01t",178,117,0.603389830508475,0.55704407951599,0.55704407951599,2.7204506873102,11,0.474887160280419,2.46651730811196,1.43808331171004,1.89171980869125
"PATTERN11",295,32,"pm442q02",86,209,0.291525423728814,0.712306665183042,0.712306665183042,4.97727739596587,8,0.644319572716146,4.51034491673295,1.43808331171004,3.46104940891591
"PATTERN11",295,32,"pm446q01",205,90,0.694915254237288,0.58070460704607,0.58070460704607,2.54036592816735,11,0.49869918699187,2.29877324635812,1.43808331171004,1.76649426878237
"PATTERN11",295,32,"pm446q02",15,280,0.0508474576271186,0.803571428571429,0.803571428571429,10.2399965144171,11,0.735714285714286,9.09457109007234,1.43808331171004,7.1205864298923
"PATTERN11",295,32,"pm447q01",182,113,0.616949152542373,0.458134785568414,0.458134785568414,2.38403678029907,11,0.380871341048332,2.18779193570377,1.43808331171004,1.65778766840996
"PATTERN11",295,32,"pm464q01t",36,259,0.122033898305085,0.767267267267267,0.767267267267267,7.5347417532983,11,0.79011154011154,7.84808467769092,1.43808331171004,5.2394334124764
"PATTERN11",295,32,"pm474q01",196,99,0.664406779661017,0.387755102040817,0.387755102040817,2.09453098183359,8,0.314368171511028,1.93605866379257,1.43808331171004,1.45647401981389
"PATTERN11",295,32,"pm559q01",174,121,0.589830508474576,0.477628954117982,0.477628954117982,2.51154075140293,11,0.469222000569963,2.48733970039031,1.43808331171004,1.74645010546464
"PATTERN11",295,32,"pm800q01",247,48,0.83728813559322,0.350961538461539,0.350961538461539,1.68352657432932,11,0.290317139001349,1.57891846503254,1.43808331171004,1.1706738828138
"PATTERN11",295,32,"pm803q01t",68,227,0.230508474576271,0.685410728167919,0.685410728167919,5.27886514514459,8,0.599248509976678,4.68990737870961,1.43808331171004,3.67076448364277
"PATTERN11",295,32,"pm828q01",93,202,0.315254237288136,0.605237943149154,0.605237943149154,4.13160903995254,11,0.493931651229639,3.60232709195281,1.43808331171004,2.87299699976325
"PATTERN11",295,32,"pm828q02",174,121,0.589830508474576,0.310914790538615,0.310914790538615,2.09135861941307,11,0.296095753776005,2.05905561473531,1.43808331171004,1.4542680541409
"PATTERN11",295,32,"pm828q03",68,227,0.230508474576271,0.397512308888313,0.397512308888313,3.69533804836686,11,0.35015548069448,3.51048514137206,1.43808331171004,2.56962723805806
"PATTERN11",295,32,"pm906q01",145,150,0.491525423728814,0.497057471264368,0.497057471264368,2.87407975370469,10,0.431494252873563,2.6662601900546,1.43808331171004,1.99854885339507
"PATTERN11",295,32,"pm915q01",128,167,0.433898305084746,0.416962949101796,0.416962949101796,2.81371810221624,10,0.360217065868264,2.64463892376606,1.43808331171004,1.95657517148323
"PATTERN11",295,32,"pm915q02",160,135,0.542372881355932,0.683981481481481,0.683981481481481,3.45067610540427,10,0.577638888888889,2.98828790492837,1.43808331171004,2.39949666149803
"PATTERN11",295,32,"pm982q01",265,30,0.898305084745763,0.259496855345912,0.259496855345912,1.43808331171004,10,0.187295597484276,1.33555163865872,1.43808331171004,1
"PATTERN11",295,32,"pm982q02",94,201,0.31864406779661,0.459775590134434,0.459775590134434,3.44593165421063,10,0.375410183126919,3.13770584644971,1.43808331171004,2.39619751244664
"PATTERN11",295,32,"pm982q03t",182,113,0.616949152542373,0.530341340075853,0.530341340075853,2.59440335898725,10,0.43241272002334,2.31577523749635,1.43808331171004,1.80407027733478
"PATTERN11",295,32,"pm982q04",129,166,0.43728813559322,0.536004483048473,0.536004483048473,3.21543651929907,10,0.421313159615205,2.81542102935406,1.43808331171004,2.2359181092753
"PATTERN11",295,32,"pm992q01",220,75,0.745762711864407,0.506484848484849,0.506484848484849,2.20027581242267,10,0.356303030303031,1.85903040225883,1.43808331171004,1.53000580321476
"PATTERN11",295,32,"pm992q02",35,260,0.11864406779661,0.640659340659341,0.640659340659341,6.26798633801613,10,0.602087912087912,5.95402782729528,1.43808331171004,4.35856969271329
"PATTERN11",295,32,"pm992q03",12,283,0.0406779661016949,0.754711425206125,0.754711425206125,9.88026997178656,10,0.694640753828033,8.9876616694139,1.43808331171004,6.87044338205819
"PATTERN12",289,32,"pm00gq01",17,272,0.0588235294117647,0.772058823529412,0.772058823529412,9.32425969606412,9,0.594939446366782,7.17602848782935,1.79981204065448,5.18068525237418
"PATTERN12",289,32,"pm00kq02",22,267,0.0761245674740484,0.817160367722165,0.817160367722165,9.48577117059895,10,0.681307456588355,7.5500992686005,1.79981204065448,5.27042321994333
"PATTERN12",289,32,"pm192q01t",105,184,0.363321799307958,0.547463768115942,0.547463768115942,3.58897168217826,10,0.514699792960662,3.44974986338131,1.79981204065448,1.9940813824499
"PATTERN12",289,32,"pm305q01",116,173,0.401384083044983,0.245963723340642,0.245963723340642,2.44413629458582,10,0.1919473789117,2.31273095853855,1.79981204065448,1.3579953013855
"PATTERN12",289,32,"pm406q01",45,244,0.155709342560554,0.842349726775956,0.842349726775956,8.03820520478967,10,0.725956284153005,6.49329619792973,1.79981204065448,4.46613592043016
"PATTERN12",289,32,"pm406q02",25,264,0.0865051903114187,0.862121212121212,0.862121212121212,10.0990465197082,10,0.801363636363636,8.87904554359673,1.79981204065448,5.61116732835936
"PATTERN12",289,32,"pm423q01",199,90,0.688581314878893,0.278280290340592,0.278280290340592,1.8170333108997,10,0.304243439419319,1.86703911889615,1.79981204065448,1.00956837150559
"PATTERN12",289,32,"pm496q01t",145,144,0.501730103806228,0.540086206896552,0.540086206896552,2.98921631204246,10,0.445114942528736,2.67482223753782,1.79981204065448,1.66084915786844
"PATTERN12",289,32,"pm496q02",172,117,0.595155709342561,0.50516795865633,0.50516795865633,2.57823638154223,10,0.454979129397734,2.43269532212244,1.79981204065448,1.43250312994055
"PATTERN12",289,32,"pm564q01",118,171,0.408304498269896,0.115174943007236,0.115174943007236,2.12127210653185,10,0.125433640598672,2.1432353028932,1.79981204065448,1.17860757602248
"PATTERN12",289,32,"pm564q02",115,174,0.397923875432526,0.194652673663168,0.194652673663168,2.32953601358455,10,0.147126436781609,2.22011727549326,1.79981204065448,1.29432182970476
"PATTERN12",289,32,"pm571q01",110,179,0.380622837370242,0.49862874555612,0.49862874555612,3.30708202456019,10,0.428288471305231,3.05136597038528,1.79981204065448,1.83745966237542
"PATTERN12",289,32,"pm603q01t",91,198,0.314878892733564,0.3003108003108,0.3003108003108,2.91204015799058,10,0.295704295704296,2.8980133734681,1.79981204065448,1.6179690391068
"PATTERN12",289,32,"pm906q01",144,145,0.498269896193772,0.553783524904214,0.553783524904214,3.05220369756662,10,0.477969348659004,2.78840467288688,1.79981204065448,1.69584580424116
"PATTERN12",289,32,"pm909q01",277,12,0.958477508650519,0.518351383874849,0.518351383874849,1.79981204065448,9,0.463898916967509,1.68893316942331,1.79981204065448,1
"PATTERN12",289,32,"pm909q02",180,109,0.622837370242215,0.524821610601427,0.524821610601427,2.56059596958834,9,0.523037716615698,2.5551222913524,1.79981204065448,1.42270187761229
"PATTERN12",289,32,"pm909q03",95,194,0.328719723183391,0.761204557786218,0.761204557786218,5.09794941395195,9,0.678893109061313,4.48208379102467,1.79981204065448,2.83248989272133
"PATTERN12",289,32,"pm915q01",127,162,0.439446366782007,0.48896665694566,0.48896665694566,3.03222306108869,10,0.471128608923884,2.97026420104203,1.79981204065448,1.68474429140171
"PATTERN12",289,32,"pm915q02",153,136,0.529411764705882,0.514033064206075,0.514033064206075,2.80532823817762,10,0.441272587466359,2.57900433087346,1.79981204065448,1.55867844797699
"PATTERN12",289,32,"pm949q01t",166,123,0.57439446366782,0.546772455676364,0.546772455676364,2.77354756173048,9,0.470859045939857,2.53490929754834,1.79981204065448,1.54102067275976
"PATTERN12",289,32,"pm949q02t",77,212,0.26643598615917,0.78099730458221,0.78099730458221,5.79784824403271,9,0.681083067875521,4.93974989400853,1.79981204065448,3.22136318297127
"PATTERN12",289,32,"pm955q01",215,74,0.743944636678201,0.396417347580138,0.396417347580138,1.94528283526265,9,0.31414204902577,1.78073427929483,1.79981204065448,1.0808255480696
"PATTERN12",289,32,"pm955q02",59,230,0.204152249134948,0.477450257921886,0.477450257921886,4.23904795821853,9,0.434929992630803,4.03884035951256,1.79981204065448,2.35527258539567
"PATTERN12",289,32,"pm982q01",260,29,0.899653979238754,0.488594164456233,0.488594164456233,1.84297063567442,10,0.457824933687003,1.7788110903353,1.79981204065448,1.02397950121739
"PATTERN12",289,32,"pm982q02",109,180,0.377162629757785,0.200356778797146,0.200356778797146,2.40803727590957,10,0.22533129459735,2.47025320021508,1.79981204065448,1.33793819660964
"PATTERN12",289,32,"pm982q03t",181,108,0.626297577854671,0.435952527112748,0.435952527112748,2.30135692415566,10,0.442244730918764,2.31770048003029,1.79981204065448,1.27866514512194
"PATTERN12",289,32,"pm982q04",110,179,0.380622837370242,0.449822244794312,0.449822244794312,3.12616842871987,10,0.38796343321483,2.91853057270507,1.79981204065448,1.73694161284924
"PATTERN12",289,32,"pm992q01",221,68,0.764705882352941,0.43738355070535,0.43738355070535,1.99265223520218,10,0.429065743944637,1.97416769686372,1.79981204065448,1.10714462965676
"PATTERN12",289,32,"pm992q02",38,251,0.131487889273356,0.603795344936045,0.603795344936045,5.77388618042527,10,0.550429859509331,5.39709587529341,1.79981204065448,3.20804953517572
"PATTERN12",289,32,"pm992q03",14,275,0.0484429065743945,0.878181818181818,0.878181818181818,12.2050975563467,10,0.794025974025974,10.1692260850646,1.79981204065448,6.781317871342
"PATTERN12",289,32,"pm998q02",241,48,0.833910034602076,0.446663208852005,0.446663208852005,1.87652912615059,9,0.344917012448133,1.67833214214491,1.79981204065448,1.04262505404076
"PATTERN12",289,32,"pm998q04t",90,199,0.311418685121107,0.261641541038526,0.261641541038526,2.8112719018696,9,0.258905639307649,2.80332386168351,1.79981204065448,1.56198082820211
"PATTERN13",287,11,"pm192q01t",104,183,0.362369337979094,0.5901113913409,0.5901113913409,3.79074895873569,10,0.5901113913409,3.79074895873569,1.94553213236289,1.94843811401447
"PATTERN13",287,11,"pm305q01",122,165,0.425087108013937,0.181321410829608,0.181321410829608,2.21962651723888,10,0.181321410829608,2.21962651723888,1.94553213236289,1.14088401847319
"PATTERN13",287,11,"pm406q01",40,247,0.139372822299652,0.682995951417004,0.682995951417004,6.31578365043125,10,0.682995951417004,6.31578365043125,1.94553213236289,3.24630138221393
"PATTERN13",287,11,"pm406q02",30,257,0.104529616724739,0.846044098573282,0.846044098573282,9.20963786074613,10,0.846044098573282,9.20963786074613,1.94553213236289,4.73373721644003
"PATTERN13",287,11,"pm423q01",212,75,0.738675958188153,0.391572327044025,0.391572327044025,1.94553213236289,10,0.391572327044025,1.94553213236289,1.94553213236289,1
"PATTERN13",287,11,"pm496q01t",141,146,0.491289198606272,0.504420479937822,0.504420479937822,2.89956529649195,10,0.504420479937822,2.89956529649195,1.94553213236289,1.49037132219984
"PATTERN13",287,11,"pm496q02",172,115,0.599303135888502,0.484630940343782,0.484630940343782,2.50546490737358,10,0.484630940343782,2.50546490737358,1.94553213236289,1.28780443442517
"PATTERN13",287,11,"pm564q01",96,191,0.334494773519164,0.304755671902269,0.304755671902269,2.8441354203656,10,0.304755671902269,2.8441354203656,1.94553213236289,1.46188046604573
"PATTERN13",287,11,"pm564q02",116,171,0.40418118466899,0.366505343819318,0.366505343819318,2.76468812232491,10,0.366505343819318,2.76468812232491,1.94553213236289,1.42104469843278
"PATTERN13",287,11,"pm571q01",121,166,0.421602787456446,0.361246639450364,0.361246639450364,2.6885377962485,10,0.361246639450364,2.6885377962485,1.94553213236289,1.38190356845107
"PATTERN13",287,11,"pm603q01t",92,195,0.320557491289199,0.458305462653289,0.458305462653289,3.43013602898789,10,0.458305462653289,3.43013602898789,1.94553213236289,1.76308371983655
