person,pm00fq01,pm033q01,pm034q01t,pm155q01,pm155q04t,pm192q01t,pm305q01,pm406q01,pm406q02,pm411q01,pm411q02,pm423q01,pm442q02,pm474q01,pm496q01t,pm496q02,pm564q01,pm564q02,pm571q01,pm603q01t,pm803q01t,pm903q03,pm918q01,pm918q02,pm918q05,pm923q01,pm923q03,pm923q04,pm924q02,pm995q01,pm995q02,pm995q03
PISA0001,0,0,0,0,1,0,0,0,0,0,1,0,0,0,0,0,0,0,1,0,0,0,1,0,1,0,0,0,0,0,0,0
PISA0006,0,0,0,1,0,0,1,0,0,0,0,1,0,0,0,0,0,0,1,1,0,0,1,0,0,0,0,0,0,0,0,0
PISA0015,0,1,1,1,0,0,1,0,0,1,0,1,1,1,1,1,1,0,0,1,0,0,0,0,0,1,0,0,1,1,0,0
PISA0017,1,1,0,0,0,0,0,0,0,0,1,1,0,0,0,1,0,0,0,0,0,0,1,1,0,0,0,0,0,0,0,1
PISA0030,0,1,0,1,0,0,1,0,0,1,0,0,0,1,0,0,0,0,1,0,0,0,1,1,1,0,1,0,0,0,0,0
PISA0035,1,1,1,1,0,1,0,1,0,0,1,1,0,1,0,1,0,0,1,1,0,0,1,1,1,0,1,0,0,1,0,0
PISA0039,0,1,0,1,1,1,0,0,0,0,0,0,0,1,0,0,0,0,0,1,0,0,0,1,1,0,1,0,0,0,0,0
PISA0080,1,1,1,1,1,1,1,0,0,1,1,1,1,1,1,1,1,0,1,1,1,0,1,1,1,1,1,0,1,1,0,0
PISA0087,0,1,0,1,1,1,0,0,0,1,1,1,1,1,1,1,0,1,1,1,0,0,1,1,1,0,0,0,1,1,0,0
PISA0088,0,1,1,1,1,0,0,0,0,1,0,1,0,1,1,1,0,0,0,0,0,0,1,1,1,0,1,0,0,0,0,0
PISA0096,0,1,0,1,0,0,0,0,0,1,0,1,0,0,0,1,0,0,0,0,0,0,1,1,1,1,0,0,0,1,0,0
PISA0109,0,1,0,1,0,0,1,0,0,0,1,0,0,1,0,0,0,1,0,1,1,0,1,0,1,1,1,0,1,0,0,0
PISA0124,0,1,1,1,1,0,0,1,0,1,1,1,1,1,1,1,0,1,1,0,1,0,1,1,0,1,0,0,1,0,0,1
PISA0135,0,0,0,1,1,1,0,0,0,1,0,0,0,1,0,0,0,1,1,0,0,1,1,0,1,0,0,0,0,1,0,1
PISA0142,1,0,1,0,1,1,0,1,0,1,1,1,0,1,1,1,1,0,1,1,1,1,1,1,1,0,1,0,0,0,0,0
PISA0155,0,0,0,0,0,0,0,0,0,0,0,0,0,1,0,0,0,0,0,1,0,0,1,0,0,0,1,0,0,0,0,0
PISA0174,0,1,0,0,0,0,0,0,0,0,0,0,0,0,1,1,0,1,0,0,0,0,1,1,0,0,0,0,0,0,0,0
PISA0195,1,1,1,1,1,1,0,1,0,1,1,1,1,1,1,1,1,0,1,0,0,1,1,1,1,1,0,0,1,1,0,1
PISA0198,0,0,0,1,1,1,0,0,0,1,1,1,0,1,0,1,0,1,1,1,1,0,1,1,1,1,1,0,1,0,0,1
PISA0213,1,1,1,1,1,1,1,1,1,1,1,1,1,1,1,1,1,1,1,1,1,0,1,1,1,1,0,1,1,1,0,0
PISA0217,0,0,0,1,1,0,0,0,0,1,1,1,1,1,1,1,1,1,0,0,1,0,1,1,1,1,1,0,0,1,0,1
PISA0233,0,1,0,1,0,0,1,0,0,0,0,0,0,1,0,0,0,0,1,0,0,0,0,1,0,0,0,0,0,0,0,0
PISA0245,0,1,0,1,1,0,1,0,0,1,0,1,0,1,0,0,0,1,1,0,0,0,1,1,1,1,1,0,0,1,0,0
PISA0256,1,1,1,1,1,0,1,0,0,0,1,1,1,1,1,1,1,0,0,0,0,0,1,1,1,0,0,0,0,1,0,0
PISA0258,0,0,0,0,0,0,0,0,0,0,0,0,0,0,0,0,0,0,0,0,0,0,1,1,1,0,0,0,0,0,0,0
PISA0268,1,1,1,1,1,0,0,0,0,0,1,0,0,1,1,0,0,0,0,0,0,0,1,1,1,0,1,0,0,0,0,0
PISA0273,1,1,0,1,1,1,1,0,0,1,1,1,1,1,1,1,1,1,1,1,0,1,1,1,1,1,1,0,0,1,0,1
PISA0276,0,1,0,1,1,0,1,0,0,1,0,1,0,1,1,1,0,0,0,0,0,0,1,1,1,1,0,0,0,1,0,0
PISA0306,0,1,0,0,0,0,0,0,0,0,0,1,0,0,0,0,1,0,0,0,0,0,1,0,0,1,0,0,0,0,0,0
PISA0313,0,0,0,0,0,0,0,0,0,0,1,0,0,0,0,1,0,0,0,0,0,0,1,0,1,0,0,0,0,0,0,0
PISA0325,1,0,1,0,0,0,1,0,0,1,0,1,1,1,1,1,0,0,1,1,0,0,1,1,1,0,1,0,0,1,0,0
PISA0328,0,1,1,1,1,0,1,0,0,1,0,1,1,1,1,1,1,0,0,0,1,0,1,1,1,1,1,0,0,0,0,1
PISA0340,0,1,0,1,1,0,1,0,0,1,0,1,1,1,1,1,0,0,0,0,0,1,1,1,0,0,1,0,0,0,0,0
PISA0346,1,0,0,1,1,1,0,0,0,0,1,1,1,1,0,1,0,1,0,1,0,0,1,1,1,0,0,0,0,1,0,0
PISA0351,0,1,0,1,1,0,0,0,0,0,1,0,0,1,0,0,0,0,0,1,0,0,1,0,0,1,0,0,0,0,0,0
PISA0355,0,1,0,1,0,0,1,0,0,0,0,0,1,0,1,1,0,0,0,1,0,0,1,1,0,0,0,0,1,0,0,0
PISA0371,0,1,0,1,1,0,1,0,0,0,0,0,0,1,1,0,0,0,1,0,0,0,1,1,0,0,0,0,0,0,0,0
PISA0378,0,1,0,1,1,0,0,0,0,1,0,1,0,1,0,0,1,0,0,1,0,0,1,1,0,0,0,0,0,1,0,1
PISA0380,0,1,0,1,0,0,0,0,0,0,0,1,0,0,0,0,0,1,0,0,0,0,1,1,0,1,0,0,0,0,0,0
PISA0406,1,1,1,1,1,1,0,0,0,0,1,1,1,1,1,0,0,1,1,1,0,0,1,1,1,1,0,1,1,1,0,1
PISA0409,0,0,0,1,1,0,0,0,0,1,1,1,0,0,0,1,0,0,1,0,1,0,1,0,1,1,0,0,1,1,0,1
PISA0421,0,1,0,1,0,0,0,0,0,0,0,0,0,1,1,0,0,0,0,0,0,1,1,1,1,0,0,0,1,1,0,1
PISA0423,1,0,0,1,1,0,1,0,0,1,0,0,0,1,1,1,0,1,0,0,0,0,1,1,1,1,0,0,1,0,0,0
PISA0425,0,1,1,1,0,0,1,1,0,1,0,0,0,1,0,0,0,1,1,1,0,1,1,1,1,1,1,0,1,1,0,0
PISA0428,0,0,0,0,0,0,0,0,0,0,0,0,0,0,0,1,0,0,0,1,0,0,0,0,0,1,1,0,0,1,0,0
PISA0446,1,0,0,1,0,1,1,0,0,1,1,1,1,1,1,0,0,1,1,0,0,1,1,1,1,0,1,0,0,0,0,1
PISA0456,0,1,0,1,1,0,1,0,0,0,1,0,0,1,1,0,0,1,0,0,0,0,1,1,1,0,1,0,0,0,0,0
PISA0458,0,1,0,1,1,1,1,0,0,1,0,1,0,1,0,1,1,1,0,0,0,1,1,1,1,0,1,0,0,1,0,1
PISA0470,0,1,0,1,1,0,1,1,0,1,1,1,1,1,0,1,1,1,1,1,1,0,1,1,1,0,1,0,1,0,0,1
PISA0496,0,1,0,1,0,0,0,0,0,0,1,0,0,0,0,0,0,0,0,1,0,0,0,0,1,0,0,0,0,0,0,0
PISA0504,0,1,0,0,0,0,1,0,0,0,0,0,0,1,0,0,1,0,0,0,0,0,1,0,0,0,1,0,0,0,0,0
PISA0549,0,1,0,0,1,0,0,0,0,0,0,1,0,1,0,1,0,0,0,0,0,0,1,1,0,1,0,0,0,0,0,1
PISA0569,1,1,0,1,1,1,1,0,0,1,0,0,0,0,1,1,0,0,0,0,1,0,1,1,1,1,0,0,0,1,0,0
PISA0586,0,1,0,1,0,0,1,0,0,1,0,1,0,1,1,1,0,0,1,0,1,0,1,1,1,0,0,0,1,1,0,0
PISA0620,1,1,0,1,1,0,1,0,0,1,1,1,1,1,0,1,0,0,1,0,1,1,1,1,1,1,1,1,1,1,0,0
PISA0621,0,1,1,0,1,0,0,0,0,0,0,1,0,0,0,1,0,1,0,1,0,0,1,1,1,0,1,0,0,0,0,0
PISA0640,1,0,1,1,0,1,0,0,0,1,1,1,1,1,1,1,1,1,0,1,0,1,1,1,1,1,1,0,1,1,0,0
PISA0652,1,1,1,1,1,0,1,0,0,1,1,1,1,1,1,1,1,1,1,1,0,1,1,1,1,0,0,1,1,0,0,1
PISA0671,0,1,1,1,1,0,1,0,0,1,1,1,0,1,1,1,0,0,1,1,0,0,1,1,0,0,1,0,1,1,0,1
PISA0683,1,1,0,1,0,1,1,0,0,0,1,1,1,0,1,1,1,1,1,0,0,1,1,1,1,1,1,0,1,1,0,1
PISA0700,1,1,1,1,1,0,1,0,0,1,1,1,1,1,1,1,1,1,1,1,0,0,1,1,1,1,1,0,1,1,0,1
PISA0704,0,1,1,1,1,0,1,0,0,0,0,1,1,0,0,1,0,1,0,0,0,0,1,1,0,0,0,0,0,1,0,0
PISA0726,0,1,0,1,1,0,0,0,0,0,0,1,0,1,0,0,0,0,0,0,0,0,0,0,0,0,0,0,0,0,0,0
PISA0735,0,1,1,1,0,0,0,0,0,0,0,1,1,0,1,0,0,0,0,1,0,0,1,1,0,1,0,0,0,0,0,0
PISA0745,0,1,0,1,0,1,0,0,0,0,0,1,0,1,0,1,0,0,1,1,0,0,0,1,1,0,0,0,1,0,0,0
PISA0763,1,1,1,1,1,1,1,1,0,1,1,1,1,1,1,1,1,1,1,1,1,1,1,1,1,1,1,0,1,1,0,1
PISA0764,0,0,0,1,0,0,1,0,0,0,0,1,0,0,0,1,0,1,0,0,0,0,1,0,1,0,1,0,0,0,0,0
PISA0777,1,1,1,0,1,0,1,1,0,1,1,1,1,0,1,1,1,1,1,1,0,0,1,1,1,1,0,0,0,1,0,1
PISA0804,1,1,1,1,1,1,1,0,0,0,1,1,1,0,1,1,1,1,1,1,1,0,1,1,1,1,1,0,0,1,0,1
PISA0811,0,1,0,1,0,0,0,0,0,0,1,0,1,0,0,1,0,0,0,0,0,0,1,1,0,0,0,0,0,0,0,0
PISA0815,0,1,0,1,0,0,0,0,0,0,0,0,0,0,0,0,1,0,0,0,0,0,1,1,0,0,0,0,0,0,0,0
PISA0824,0,1,1,0,0,1,1,1,0,1,1,0,0,1,0,0,0,0,0,0,0,0,0,1,1,1,0,0,0,0,0,0
PISA0846,0,1,0,1,0,0,0,0,0,0,0,1,0,1,1,1,0,0,0,0,0,0,1,1,0,1,0,0,0,0,0,0
PISA0848,1,1,1,1,1,1,0,0,0,1,1,1,1,1,0,1,1,1,1,1,1,1,1,1,1,1,0,0,1,1,0,0
PISA0851,0,0,0,0,0,0,0,0,0,0,0,0,0,1,1,1,0,0,0,0,0,0,1,0,1,0,0,0,0,0,0,0
PISA0878,0,0,0,0,1,0,0,0,0,1,1,0,0,0,0,1,1,0,0,0,1,0,1,1,0,0,0,0,0,0,0,0
PISA0890,0,1,0,0,0,0,0,0,0,0,0,0,0,0,0,0,1,1,0,0,0,0,0,1,0,0,0,0,0,0,0,0
PISA0904,0,1,0,1,1,0,0,0,0,0,0,1,1,1,0,0,0,0,1,1,0,0,1,1,0,1,0,0,0,0,0,0
PISA0919,0,1,0,1,0,1,1,0,1,0,1,0,1,1,1,0,1,1,0,0,1,1,1,1,1,0,0,0,1,1,0,0
PISA0934,0,0,1,1,1,0,0,0,0,0,1,1,1,1,0,0,0,0,0,1,0,0,1,0,1,0,0,0,0,0,0,1
PISA0960,0,0,1,1,0,1,1,0,0,1,1,1,1,1,1,1,1,0,1,1,1,0,1,1,1,1,0,0,0,1,0,1
PISA0963,0,0,0,1,1,0,0,0,0,0,1,1,1,1,1,1,0,0,1,0,0,0,1,1,0,1,1,1,1,1,0,0
PISA0965,1,1,1,1,1,1,1,0,0,1,1,1,1,0,1,1,1,1,1,0,0,1,0,1,1,1,1,0,1,1,0,1
PISA0969,0,1,0,1,0,0,0,0,0,1,1,1,0,1,1,0,1,0,1,1,1,0,1,0,1,0,0,0,0,1,0,0
PISA0986,0,0,0,0,0,0,0,0,0,0,0,0,0,0,0,0,0,0,0,1,0,0,1,0,1,0,0,0,0,0,0,0
PISA0989,0,0,0,1,0,0,1,0,0,1,0,1,0,0,1,0,0,0,0,0,0,0,1,1,0,0,0,0,0,0,0,0
PISA1006,0,0,0,1,1,0,1,0,0,0,0,1,0,1,1,1,0,0,1,0,0,0,1,1,0,0,0,0,0,0,0,0
PISA1012,1,1,0,1,0,0,0,0,0,0,0,1,0,1,1,0,0,0,0,0,0,0,0,0,0,0,0,0,0,0,0,0
PISA1035,0,1,1,1,1,1,1,0,0,1,0,1,1,1,1,1,1,1,1,0,1,0,1,1,1,1,0,0,1,1,0,1
PISA1040,1,1,0,1,0,0,1,1,0,1,1,1,1,1,1,1,1,1,1,1,1,0,1,0,1,1,1,0,0,1,1,1
PISA1047,0,0,1,0,0,1,0,0,0,0,0,0,0,1,0,1,0,0,1,0,0,0,1,0,1,0,0,0,0,0,0,0
PISA1061,1,1,0,1,1,0,1,1,0,0,0,1,0,1,0,1,0,0,0,1,0,0,1,0,0,1,0,0,1,0,0,0
PISA1064,1,1,1,1,1,1,1,1,0,1,1,1,1,1,1,0,0,0,0,0,1,1,1,1,1,1,1,0,1,1,0,1
PISA1074,1,1,1,1,1,1,1,0,0,1,1,1,1,0,1,0,0,0,1,1,0,1,1,1,1,1,1,0,1,0,0,0
PISA1086,1,0,0,1,0,0,0,0,0,0,0,1,0,0,1,1,0,0,0,0,0,0,1,0,1,1,0,0,0,0,0,0
PISA1094,0,0,0,0,0,0,1,0,0,0,0,0,0,1,0,0,0,0,0,1,0,0,1,0,0,0,0,0,0,0,0,0
PISA1117,0,1,0,0,0,1,0,0,0,0,1,0,0,0,0,0,1,0,0,0,0,0,0,0,0,0,1,0,0,0,0,0
PISA1156,1,1,0,1,0,1,0,0,0,0,1,0,0,0,1,0,0,0,1,1,0,0,1,0,1,0,0,0,0,0,0,0
PISA1166,0,1,0,1,1,0,0,0,1,1,0,0,0,0,1,1,0,0,1,0,1,1,1,1,1,0,0,0,1,1,0,1
PISA1182,1,1,1,1,1,0,1,1,1,0,1,1,1,1,0,0,1,0,1,0,1,1,1,1,1,1,1,0,1,1,0,1
PISA1184,1,1,0,0,0,0,0,0,0,0,0,1,0,1,0,0,0,1,0,0,0,0,1,1,1,1,1,0,0,1,0,0
PISA1196,0,1,0,1,0,0,1,0,0,0,1,1,1,0,0,1,0,0,0,1,1,0,1,1,1,0,1,0,1,1,0,0
PISA1211,0,0,0,0,0,0,0,0,0,0,0,0,0,1,0,0,0,0,0,0,0,0,0,1,0,0,0,0,0,0,0,0
PISA1213,0,1,0,1,1,0,1,0,0,1,0,1,0,0,1,1,1,0,0,0,0,0,1,1,1,0,1,0,0,1,0,0
PISA1227,1,1,0,1,1,1,1,0,0,1,1,1,1,0,1,1,0,0,1,1,0,0,1,1,1,0,1,0,1,1,0,0
PISA1239,1,1,0,0,1,1,1,0,0,1,1,1,0,1,0,0,0,0,0,1,1,1,1,1,1,1,1,0,0,1,0,0
PISA1240,0,0,0,1,0,1,0,0,0,0,1,0,0,0,0,0,0,0,1,0,0,0,1,0,0,0,0,0,0,0,0,1
PISA1248,1,1,0,1,0,0,1,0,0,1,0,0,0,0,0,1,0,0,0,0,0,1,1,1,1,0,0,0,1,1,0,0
PISA1263,0,1,1,0,1,0,0,1,0,1,1,1,1,1,0,0,1,1,0,0,0,0,1,1,1,0,0,0,1,1,0,1
PISA1267,0,1,0,1,0,1,0,1,0,0,0,0,0,0,1,0,1,1,1,1,0,0,1,1,1,0,1,0,0,0,0,0
PISA1275,0,1,0,1,0,1,1,0,0,1,1,1,0,1,0,0,0,0,0,0,0,0,0,1,1,1,0,0,1,1,0,0
PISA1283,1,1,1,1,0,1,1,1,1,1,0,1,0,0,1,0,1,1,0,1,1,0,1,1,1,1,1,0,1,1,0,1
PISA1311,0,0,0,0,0,0,0,0,0,0,0,1,0,1,0,1,0,0,0,0,0,0,0,1,0,1,0,0,0,0,0,0
PISA1328,0,1,1,1,1,0,1,1,1,1,1,1,1,1,1,1,1,1,1,1,1,0,1,0,1,1,0,0,1,0,0,0
PISA1331,1,1,0,1,1,1,1,0,0,0,1,1,1,1,0,1,0,0,1,1,1,0,1,1,0,0,0,0,0,1,0,1
PISA1354,0,1,0,0,0,0,1,0,0,0,0,1,0,1,0,0,0,0,0,1,0,0,1,0,0,0,0,0,0,0,0,0
PISA1369,1,0,0,1,0,1,0,0,0,0,1,0,0,1,1,1,0,0,0,1,0,0,1,1,1,1,0,0,0,0,0,1
PISA1384,0,1,0,0,0,0,0,0,0,0,0,0,0,0,0,0,0,0,0,0,0,0,0,0,0,1,0,0,0,0,0,0
PISA1388,1,1,0,0,1,1,0,0,0,1,0,1,0,1,0,1,0,0,0,0,0,0,1,1,1,0,0,0,0,0,0,1
PISA1404,0,1,1,0,1,1,0,1,1,0,1,1,1,1,1,1,1,1,0,1,0,0,1,1,1,1,1,0,1,1,0,1
PISA1423,1,1,0,1,1,0,1,0,0,0,0,1,0,1,0,1,0,0,0,1,0,0,1,0,0,0,0,0,0,0,0,0
PISA1434,0,0,1,1,1,1,0,0,0,1,1,1,1,1,1,1,1,0,1,1,1,0,0,1,1,1,0,0,0,1,0,1
PISA1443,1,0,0,1,1,1,1,0,0,0,1,1,0,0,1,1,1,1,1,1,1,0,1,1,1,1,0,0,1,1,0,1
PISA1459,0,0,0,0,0,0,0,0,0,0,0,0,0,0,0,0,0,0,0,1,0,0,0,0,1,0,0,0,0,0,0,0
PISA1464,1,1,0,1,1,1,1,0,0,1,1,1,0,1,1,1,0,1,1,0,1,1,1,1,1,1,1,1,1,1,0,1
PISA1484,0,1,0,1,1,0,1,0,0,1,1,1,1,1,1,1,1,1,1,0,1,1,1,1,1,1,1,0,1,1,0,1
PISA1494,0,1,0,1,1,0,0,0,0,0,0,1,0,1,1,1,0,0,0,0,0,0,1,0,1,0,0,0,0,0,0,0
PISA1504,0,1,1,1,0,0,1,1,0,1,0,0,0,1,1,1,0,0,0,0,0,0,1,1,1,1,0,0,0,1,0,1
PISA1506,1,1,1,0,1,1,0,0,0,1,1,1,0,1,1,0,1,0,1,1,0,0,1,1,1,0,1,0,0,1,0,1
PISA1510,0,1,1,1,1,1,0,0,0,0,0,0,0,1,0,1,0,0,0,1,0,0,1,1,0,0,0,0,0,0,0,1
PISA1537,1,1,1,1,0,1,0,0,0,1,1,1,1,0,1,1,0,1,1,0,0,1,1,1,1,0,0,0,0,1,0,1
PISA1540,0,0,0,1,1,0,1,1,0,0,0,1,1,1,0,1,0,0,1,1,0,0,1,1,1,0,1,0,0,0,0,0
PISA1546,0,1,0,0,1,1,1,0,0,1,1,0,0,1,1,1,0,0,1,1,0,1,1,1,1,1,0,0,1,1,0,0
PISA1548,0,1,0,0,1,0,1,0,0,1,0,1,0,1,0,0,0,0,1,0,0,0,1,1,0,0,0,0,0,1,0,0
PISA1552,0,0,0,1,0,0,1,0,0,0,0,0,0,0,0,0,1,1,0,0,0,0,1,0,0,0,0,0,0,0,0,0
PISA1554,1,1,0,1,0,0,1,0,0,1,1,1,0,1,0,1,0,0,0,0,1,0,1,1,1,1,0,0,0,0,0,0
PISA1591,0,1,0,0,0,1,1,0,0,0,0,1,0,0,0,0,1,1,0,0,0,0,1,1,1,0,0,0,0,0,0,0
PISA1593,0,0,0,1,1,0,1,0,0,0,1,1,0,0,0,1,0,1,0,1,0,0,1,1,0,1,1,0,1,0,0,1
PISA1619,0,1,0,1,1,0,0,0,0,1,0,1,0,1,1,1,1,0,0,0,0,0,1,0,1,1,0,0,0,0,0,0
PISA1620,1,1,1,1,0,1,0,1,0,1,1,1,1,1,1,1,1,1,1,1,1,1,1,1,1,1,1,1,1,1,1,1
PISA1637,1,0,1,1,0,1,1,0,0,1,1,1,1,1,1,1,0,1,1,1,0,0,1,1,1,1,1,0,1,1,0,1
PISA1638,1,1,1,1,1,1,1,1,0,1,1,1,1,1,0,0,1,0,1,0,1,0,1,1,1,0,0,0,1,1,0,0
PISA1651,1,0,0,0,0,0,1,0,0,0,0,0,0,0,1,1,1,0,0,0,0,0,1,1,0,0,0,0,0,0,0,0
PISA1666,1,1,1,0,0,0,0,0,0,0,1,0,0,1,0,1,0,0,1,0,0,0,1,1,1,1,1,0,0,0,0,0
PISA1681,0,1,1,1,1,1,1,0,0,1,0,1,0,1,1,1,1,1,0,0,0,0,0,0,0,0,0,0,0,0,0,0
PISA1687,0,1,0,1,0,0,1,0,0,1,1,1,0,0,0,0,0,1,0,0,0,0,1,0,0,0,0,0,1,0,0,1
PISA1690,0,1,1,1,1,0,1,1,0,1,0,1,1,1,1,1,1,1,1,1,0,0,0,0,0,0,0,0,0,0,0,0
PISA1704,1,0,0,1,1,1,1,0,1,1,1,1,0,0,1,1,1,1,1,1,1,1,1,1,1,1,1,1,1,1,1,0
PISA1742,0,1,0,1,0,0,0,0,0,0,0,1,0,1,0,1,0,1,0,1,0,0,1,0,0,0,1,0,1,0,0,0
PISA1743,1,1,1,1,1,1,0,0,0,1,0,1,0,1,0,0,1,0,1,0,0,0,1,1,0,1,0,0,0,0,0,0
PISA1745,0,1,0,0,1,0,0,0,0,0,0,1,0,1,0,0,0,0,0,0,0,0,1,0,1,0,0,0,0,0,0,0
PISA1747,0,1,0,1,1,0,1,0,0,1,1,0,0,0,1,1,0,1,1,0,0,0,1,1,1,1,0,0,0,0,0,0
PISA1769,0,1,1,1,0,1,0,0,0,1,0,0,0,1,0,1,0,0,1,1,0,1,1,0,1,1,0,1,0,1,0,0
PISA1786,1,0,1,1,1,1,1,1,1,1,1,1,1,0,1,1,1,1,0,1,1,1,1,1,1,1,1,0,1,1,0,1
PISA1792,0,1,1,1,0,0,0,1,0,1,1,1,1,1,0,1,0,1,1,0,0,1,1,1,1,0,0,0,1,1,0,0
PISA1804,1,1,1,1,1,1,0,0,0,1,1,1,1,1,1,1,1,0,1,1,0,0,1,1,1,0,1,0,1,1,0,1
PISA1823,1,1,1,1,1,1,1,1,0,1,1,1,1,1,1,1,1,1,1,1,1,0,1,0,1,1,0,1,1,1,0,1
PISA1825,0,1,0,1,0,0,0,0,0,0,0,1,0,0,0,1,1,0,0,1,0,0,1,0,0,0,1,0,0,0,0,0
PISA1849,0,1,0,0,0,0,1,0,0,1,1,1,0,1,0,1,1,0,0,1,0,0,1,1,1,0,1,0,1,1,0,1
PISA1860,1,1,1,1,1,1,0,0,0,1,1,1,1,0,1,1,1,1,1,1,1,1,1,1,1,1,1,0,1,1,0,1
PISA1868,0,1,0,1,1,0,0,0,0,0,0,1,0,1,1,1,0,1,0,0,0,1,1,1,1,0,0,0,0,0,0,0
PISA1875,0,1,0,1,1,0,1,0,0,0,1,0,0,0,1,1,0,0,0,1,0,0,1,0,0,0,0,0,0,0,0,0
PISA1895,0,1,1,1,0,0,1,0,0,1,0,1,1,1,1,1,0,1,1,0,0,1,1,1,1,0,1,0,0,1,0,1
PISA1896,0,1,0,1,1,1,0,0,0,0,0,1,1,1,1,0,1,0,1,0,0,0,1,1,0,1,0,0,0,0,0,0
PISA1902,0,1,1,1,0,0,0,0,0,0,0,1,0,1,0,1,1,0,0,0,0,0,1,1,0,1,1,0,0,1,0,0
PISA1925,0,0,1,1,0,0,0,0,0,0,0,1,0,1,1,1,1,0,1,1,0,0,1,1,1,0,0,0,0,0,0,0
PISA1926,0,1,0,0,0,0,0,0,0,0,1,1,0,0,1,0,1,0,1,1,0,0,1,1,1,1,0,0,0,0,0,0
PISA1959,0,1,0,0,1,0,1,0,0,1,0,0,0,1,0,0,0,0,0,0,0,0,1,0,1,0,1,0,1,0,0,0
PISA1965,0,1,1,0,1,0,0,0,0,0,0,1,0,1,0,0,0,0,0,0,0,0,1,1,0,0,0,0,0,0,0,0
PISA1978,0,1,0,0,1,0,0,0,0,0,0,1,0,1,1,0,1,1,0,0,0,0,1,0,1,0,0,0,0,0,0,0
PISA1993,0,1,0,0,0,0,0,0,0,0,0,1,0,0,0,0,0,0,0,0,0,0,0,0,0,0,0,0,0,0,0,0
PISA1996,1,1,1,1,1,1,1,1,1,1,1,1,1,0,1,1,1,1,1,1,1,1,1,1,1,1,1,0,1,1,1,0
PISA2018,0,0,0,1,0,0,1,1,0,1,1,1,0,0,0,1,1,0,0,0,0,0,1,1,1,0,0,0,1,0,0,0
PISA2036,0,1,0,1,1,1,0,0,0,0,1,1,1,0,1,1,0,0,0,0,0,0,1,0,1,1,0,0,0,0,0,0
PISA2038,0,0,0,0,0,0,0,0,0,0,0,1,0,1,0,0,1,0,0,0,0,0,1,0,1,0,1,0,0,0,0,0
PISA2053,0,1,0,0,0,1,0,1,0,1,0,1,1,1,0,1,1,0,0,0,0,0,1,1,1,0,1,0,1,0,0,1
PISA2066,0,0,0,1,1,0,0,0,0,1,0,0,0,0,1,1,1,0,1,0,0,0,1,1,1,0,1,0,0,0,0,0
PISA2081,1,1,0,1,0,0,0,0,0,0,0,1,0,1,1,0,0,0,0,0,0,0,1,0,0,0,0,0,0,0,0,0
PISA2089,0,1,0,0,0,1,1,0,0,0,0,1,0,1,0,0,0,0,0,0,0,0,0,0,0,0,0,0,0,0,0,0
PISA2102,0,1,1,1,1,1,1,0,0,0,1,1,0,0,1,0,1,1,0,0,0,0,0,0,0,1,0,0,0,0,0,0
PISA2113,0,0,0,1,0,0,0,0,0,0,1,0,0,1,0,0,0,0,0,0,0,0,1,0,0,0,1,0,0,0,0,0
PISA2119,1,1,1,0,0,0,1,0,0,0,1,1,1,1,1,0,1,1,1,1,0,0,1,1,1,0,1,0,1,0,0,1
PISA2129,1,1,1,1,1,1,1,1,1,1,1,1,1,1,1,1,1,1,0,1,1,1,1,1,1,1,1,1,1,1,0,1
PISA2132,1,1,1,1,1,0,1,0,0,0,1,1,1,1,0,0,1,0,1,1,1,1,1,1,1,1,1,0,1,1,0,1
PISA2148,0,0,0,1,1,0,0,1,0,1,0,0,0,1,1,1,0,1,0,0,0,0,1,1,1,0,0,0,0,0,0,0
PISA2159,0,1,0,0,0,0,1,0,0,0,0,1,0,0,1,0,0,1,0,0,0,0,1,0,1,0,0,0,0,0,0,0
PISA2165,0,1,1,1,1,1,1,0,0,0,1,1,1,1,1,1,1,1,1,1,1,1,1,1,1,1,1,0,1,1,0,0
PISA2175,1,1,1,1,1,1,1,1,1,1,0,1,1,0,1,0,1,1,1,0,1,1,1,0,1,1,1,1,1,1,0,0
PISA2202,0,1,0,0,1,1,1,1,0,0,0,1,1,0,1,1,0,0,0,0,1,0,1,0,0,1,0,0,1,1,0,0
PISA2216,0,0,0,0,0,0,0,0,0,0,0,1,0,1,0,0,1,0,0,1,0,0,1,1,1,1,1,0,1,0,0,0
PISA2217,1,1,1,1,1,1,0,1,1,1,1,1,1,1,1,1,1,1,1,1,1,1,1,1,1,1,1,1,1,1,0,1
PISA2222,0,1,1,1,1,0,1,0,0,1,0,1,0,1,0,1,0,0,1,1,0,0,1,1,1,0,0,0,0,1,0,0
PISA2235,0,1,0,1,1,1,1,0,0,1,1,1,0,1,1,0,0,1,0,0,1,0,1,1,1,1,0,0,0,1,0,0
PISA2238,1,0,0,0,0,0,0,0,0,1,0,1,0,0,0,1,0,0,0,0,0,0,1,1,1,0,0,0,1,0,0,0
PISA2274,0,0,0,1,0,0,1,0,0,0,0,0,0,1,0,0,0,0,0,0,0,0,1,1,0,0,1,0,0,0,0,1
PISA2281,0,1,1,1,1,1,1,0,0,1,0,1,1,1,1,1,0,0,1,1,0,1,1,1,1,1,1,1,1,1,0,1
PISA2310,0,0,1,1,1,0,0,1,0,0,1,1,0,0,0,0,1,0,1,0,0,0,1,1,1,0,0,0,0,0,0,0
PISA2322,0,1,0,1,1,1,1,0,0,0,1,1,1,0,1,1,1,0,0,1,1,0,1,1,0,1,1,1,0,1,0,0
PISA2331,0,1,0,1,0,1,1,0,0,1,1,1,0,1,1,1,0,0,1,0,0,1,1,1,0,0,1,0,1,0,0,1
PISA2337,0,1,0,1,1,0,1,0,0,0,0,0,0,1,0,0,1,1,0,0,0,0,1,1,1,1,1,0,0,0,0,0
PISA2353,0,1,0,1,0,1,0,1,1,1,1,1,0,0,1,1,1,0,1,1,1,0,0,0,0,0,0,0,0,0,0,0
PISA2371,0,1,1,0,0,0,0,0,0,0,1,0,0,0,0,0,0,0,0,1,0,0,1,1,1,0,0,0,0,0,0,0
PISA2388,0,1,1,1,1,0,0,0,0,1,1,1,0,1,1,1,0,1,1,0,1,0,1,1,1,1,0,1,1,1,0,1
PISA2418,0,0,0,1,0,0,0,0,0,0,0,0,0,1,0,1,1,1,1,0,0,0,1,0,0,0,0,0,0,0,0,0
PISA2420,1,1,0,1,1,0,0,0,0,1,1,1,0,1,1,1,0,0,0,0,0,0,1,1,1,0,0,0,1,0,0,0
PISA2422,0,1,0,1,0,0,0,0,0,0,0,1,0,0,0,0,0,1,0,0,0,0,1,0,1,0,0,0,0,0,0,0
PISA2425,1,1,0,0,0,0,0,1,0,1,0,1,0,1,1,1,0,1,0,1,0,0,1,0,1,1,1,0,1,0,0,0
PISA2436,1,0,0,1,0,0,0,0,0,0,0,0,0,1,1,1,0,0,0,1,0,0,1,1,1,1,1,0,0,0,0,0
PISA2438,1,1,1,1,0,0,1,0,0,1,1,1,1,0,1,1,0,0,1,1,0,0,1,1,1,0,0,1,0,0,0,1
PISA2466,1,0,1,1,1,1,1,0,0,1,1,1,1,1,1,1,1,1,0,1,1,0,1,1,1,0,1,0,1,1,0,1
PISA2477,0,1,1,1,0,0,1,0,0,0,0,1,1,1,1,0,1,1,0,1,0,1,1,1,1,0,0,0,0,0,0,1
PISA2489,0,1,0,0,1,0,1,0,0,0,1,1,0,1,0,1,0,0,1,0,0,1,1,1,1,0,0,0,1,0,0,0
PISA2497,0,1,0,1,1,1,1,0,0,1,1,1,0,1,1,1,1,1,0,0,0,0,1,1,1,0,1,0,0,0,0,0
PISA2498,0,1,0,1,1,0,1,0,0,0,0,0,0,0,1,1,1,0,0,0,0,0,1,1,1,0,0,0,0,0,0,0
PISA2515,1,1,0,1,1,0,0,0,0,1,0,1,1,1,0,0,0,0,1,0,0,0,1,0,1,0,0,0,0,1,0,0
PISA2522,0,1,0,0,1,0,1,0,0,0,0,1,0,0,0,0,0,0,1,0,0,0,1,0,0,0,0,0,0,0,0,0
PISA2540,0,0,1,0,1,0,0,0,0,1,1,1,0,1,0,1,0,0,0,0,0,1,1,1,1,0,1,0,1,1,0,0
PISA2551,1,1,1,1,1,0,0,1,1,1,1,1,1,0,1,1,0,1,1,1,1,1,1,1,1,1,1,1,1,1,0,0
PISA2556,1,0,0,1,1,1,0,1,1,1,0,1,1,1,1,1,1,1,1,1,0,0,1,1,1,1,0,0,1,1,0,0
PISA2560,1,1,1,1,1,1,1,0,1,1,0,1,1,0,1,1,1,0,1,1,0,1,1,1,1,0,1,0,1,1,0,0
PISA2577,0,0,0,0,1,0,0,0,0,0,0,1,0,0,1,1,0,0,0,0,0,0,0,1,1,0,1,0,0,1,0,1
PISA2589,0,1,0,0,1,0,0,0,0,0,0,1,0,0,0,0,1,0,0,0,0,0,1,1,0,0,0,0,0,0,0,0
PISA2595,0,0,0,0,0,0,1,0,0,1,0,0,0,0,0,0,0,1,0,0,0,0,1,1,1,0,1,0,1,0,0,0
PISA2619,1,1,1,1,0,0,0,0,0,1,0,0,1,1,1,0,1,0,0,0,1,0,1,1,1,1,0,0,1,0,0,0
PISA2620,0,0,1,1,1,1,0,0,0,0,0,1,0,1,0,1,0,1,0,0,0,1,1,0,1,1,1,0,0,1,0,0
PISA2622,1,1,1,1,1,1,0,0,0,1,1,1,1,1,1,1,1,1,1,1,1,1,1,0,1,0,0,0,1,1,0,1
PISA2641,0,1,1,1,0,0,1,0,1,0,1,1,0,1,1,1,0,0,1,1,0,0,1,1,1,1,1,0,0,1,0,1
PISA2648,0,1,0,1,1,0,1,0,0,0,0,1,0,1,0,0,0,0,0,1,0,0,1,1,0,1,0,0,0,0,0,0
PISA2657,1,1,1,1,1,1,0,1,1,1,1,1,1,1,1,1,1,1,1,1,1,1,1,1,1,1,1,1,1,1,0,1
PISA2659,0,1,1,1,1,0,0,0,0,0,1,0,0,0,0,0,1,0,0,0,0,0,1,1,0,0,0,0,0,0,0,0
PISA2692,0,1,0,1,1,0,1,1,1,1,1,1,1,1,1,1,1,1,0,1,1,0,1,1,1,0,1,0,0,0,0,0
PISA2695,0,0,1,0,0,0,0,0,0,1,0,0,0,1,0,1,0,0,0,1,0,0,1,1,1,0,1,0,0,0,0,0
PISA2698,1,1,0,1,1,1,0,1,1,1,1,1,1,1,1,1,1,0,1,1,1,0,1,1,1,0,1,0,1,1,0,0
PISA2704,0,1,0,1,1,1,0,0,0,0,0,0,0,0,0,1,0,0,0,0,0,0,1,1,1,0,1,0,0,0,0,0
PISA2716,1,1,0,0,0,0,1,0,0,1,1,1,1,1,1,1,1,1,1,0,1,0,1,1,1,0,0,0,1,0,0,0
PISA2721,1,1,0,1,1,1,1,1,1,1,1,1,1,1,0,1,1,0,1,0,1,1,1,1,1,1,1,1,1,1,0,1
PISA2731,0,0,0,0,1,0,1,0,0,0,1,1,0,1,0,1,0,0,0,0,0,1,1,1,0,0,0,0,0,0,0,0
PISA2742,1,1,0,1,1,1,1,1,1,1,1,1,1,1,1,1,1,1,1,1,1,1,1,1,1,1,1,0,1,1,0,1
PISA2748,1,1,1,1,1,1,1,1,1,1,1,1,1,1,1,1,1,1,1,1,1,1,1,1,1,1,1,1,1,1,0,0
PISA2764,1,1,0,1,1,0,0,0,0,1,0,1,1,1,0,0,0,0,0,1,0,0,1,1,1,0,0,0,0,0,0,1
PISA2784,0,1,0,1,1,0,1,0,0,0,1,1,0,1,0,1,1,1,1,1,0,0,1,1,1,0,0,0,0,0,0,0
PISA2793,0,1,1,1,1,0,0,0,0,0,0,1,0,1,0,1,1,0,0,1,0,0,1,1,1,0,0,0,0,1,0,0
PISA2797,0,1,0,1,1,1,1,0,0,0,1,1,0,0,1,0,0,1,1,1,0,1,1,0,1,1,1,0,1,1,0,1
PISA2801,1,0,1,1,1,1,1,1,0,1,1,1,1,1,1,1,1,1,1,0,1,1,1,1,1,1,1,1,1,1,0,1
PISA2806,0,1,0,1,1,1,1,0,0,1,1,1,0,1,1,1,1,0,0,0,0,1,1,1,1,1,0,0,1,0,0,1
PISA2816,0,0,0,1,1,1,0,0,0,0,1,1,0,0,0,1,1,0,0,0,0,0,0,1,0,0,0,0,0,0,0,0
PISA2823,1,1,0,1,1,1,1,0,0,1,1,1,0,1,1,1,0,0,1,1,0,0,1,1,1,0,0,0,1,1,0,0
PISA2836,0,1,0,1,1,0,1,0,0,0,1,0,0,1,1,0,1,0,0,1,0,0,1,0,0,1,0,0,0,0,0,0
PISA2848,0,1,0,1,0,1,0,1,0,1,0,1,1,1,0,0,0,0,0,0,0,0,1,1,1,0,1,0,0,1,0,1
PISA2872,0,0,0,1,0,0,0,0,0,0,1,1,0,1,1,1,1,1,0,0,0,0,0,1,0,0,0,0,0,0,0,0
PISA2881,0,0,0,0,0,0,0,0,0,0,1,1,0,0,0,0,0,0,0,0,0,0,1,0,0,0,0,0,0,0,0,0
PISA2891,0,1,0,1,0,1,0,0,0,1,0,1,0,1,1,1,1,1,1,1,0,0,1,1,1,0,0,0,0,1,0,0
PISA2893,0,1,0,0,1,0,1,0,0,1,0,1,1,0,0,0,1,0,1,0,0,0,1,0,1,0,0,0,0,0,0,0
PISA2907,1,0,0,0,0,0,1,0,0,1,1,1,1,1,0,1,0,1,1,0,0,1,1,1,0,1,0,0,1,1,0,1
PISA2923,0,0,0,1,1,0,0,0,0,1,1,0,0,1,0,1,1,1,1,0,0,1,1,1,0,0,0,0,0,0,0,1
PISA2931,1,1,1,1,1,1,1,1,0,1,0,1,1,1,1,1,1,1,0,0,0,0,1,1,1,0,1,0,0,0,0,1
PISA2942,0,1,1,1,0,0,0,0,1,1,0,1,0,1,1,1,0,0,0,1,0,0,1,1,1,0,0,0,1,1,0,0
PISA2947,0,1,0,0,0,0,1,0,0,0,0,0,0,0,0,1,0,0,0,0,0,0,1,0,0,0,1,0,0,0,0,1
PISA2954,0,1,1,0,1,0,1,0,0,0,0,1,0,1,0,0,0,0,0,0,0,0,1,1,0,0,0,0,0,0,0,0
PISA2988,0,1,0,1,1,0,0,0,0,0,0,1,0,1,0,0,0,1,0,0,0,0,1,0,1,0,1,0,0,0,0,0
PISA2990,0,1,1,1,1,1,1,0,0,1,1,1,1,1,1,1,0,0,0,1,0,0,1,1,1,1,1,0,1,1,0,0
PISA3001,0,1,0,1,1,0,0,0,0,0,0,1,0,0,0,1,0,1,0,0,0,0,1,1,0,0,0,0,0,0,0,0
PISA3004,0,1,0,1,1,0,0,1,0,0,0,1,0,1,0,1,0,0,0,1,0,0,0,0,0,0,0,0,0,0,0,0
PISA3016,1,1,1,1,1,1,1,1,1,1,1,1,1,1,1,1,0,1,1,1,0,1,1,1,1,1,1,0,1,1,0,1
PISA3037,1,1,1,1,0,1,0,1,0,1,1,1,1,1,1,1,0,1,0,1,1,1,1,1,1,1,1,0,1,0,0,1
PISA3046,0,0,0,1,1,0,1,0,0,0,1,1,0,1,0,1,1,1,1,0,0,1,1,1,1,1,1,1,1,1,0,1
PISA3056,1,1,1,1,0,1,1,1,0,1,1,1,1,1,1,1,1,1,1,0,1,0,1,1,1,1,0,1,1,1,0,1
PISA3062,0,0,0,0,1,0,1,0,0,0,0,0,0,1,0,0,0,0,0,0,0,0,1,0,1,0,1,0,0,0,0,0
PISA3071,0,1,1,1,1,0,0,0,0,1,1,1,0,0,0,1,0,0,0,1,0,0,1,1,0,0,1,0,0,0,0,0
PISA3088,0,1,0,0,0,0,0,1,0,0,0,0,0,0,0,0,0,0,0,0,0,0,1,0,0,0,0,0,0,0,0,0
PISA3092,0,1,0,1,1,0,0,0,0,0,1,1,0,1,0,1,0,1,0,0,0,0,1,0,1,0,0,0,1,1,0,0
PISA3115,0,0,0,1,0,1,1,0,0,0,0,1,0,1,1,1,0,0,0,0,0,0,1,1,1,0,1,0,0,0,0,1
PISA3116,0,0,0,1,1,0,0,0,0,1,1,1,0,1,1,1,1,1,0,0,0,0,1,1,0,1,0,0,0,1,0,0
PISA3122,1,1,0,1,0,0,1,0,0,0,1,1,0,1,1,1,0,0,1,0,0,0,1,1,1,1,0,0,1,1,0,1
PISA3127,0,1,0,0,1,0,0,0,0,0,0,0,0,1,0,0,1,0,0,0,0,0,1,1,1,1,1,0,1,0,0,0
PISA3157,0,1,0,1,0,0,1,0,0,0,0,1,0,0,1,1,0,0,0,1,0,0,1,1,1,0,0,0,0,0,0,1
PISA3170,0,0,0,1,1,0,0,0,0,0,1,0,0,1,0,1,1,1,0,0,0,0,1,0,1,0,0,0,0,0,0,0
PISA3183,0,1,1,0,0,0,1,0,0,0,1,1,0,1,1,1,1,0,1,0,0,0,1,0,0,0,0,0,0,0,0,0
PISA3188,0,0,0,1,1,1,0,0,0,1,1,1,0,0,0,0,1,0,1,0,0,0,1,0,1,0,1,0,1,1,0,0
PISA3191,1,1,1,1,1,1,1,1,1,1,1,1,0,0,1,1,0,1,1,1,1,1,1,1,1,1,0,0,1,1,0,1
PISA3210,0,1,0,1,1,0,1,0,0,1,0,1,0,0,0,0,0,0,0,1,0,0,1,1,0,0,1,0,1,1,0,0
PISA3228,1,1,0,0,0,1,0,0,0,1,1,1,0,1,0,1,1,0,1,1,1,0,1,1,0,1,1,0,1,1,0,0
PISA3237,1,0,1,0,0,0,1,0,0,1,0,0,0,0,1,1,0,0,1,0,0,0,1,1,0,1,1,0,0,1,0,0
PISA3241,0,0,0,1,1,1,0,0,0,0,1,1,1,0,1,0,0,0,0,0,0,0,1,1,1,0,0,0,1,0,0,0
PISA3256,1,1,0,1,1,1,0,0,0,1,0,1,0,1,1,0,1,1,1,1,1,0,1,0,1,0,1,0,1,0,0,0
PISA3275,1,1,1,1,1,0,0,0,0,1,1,1,0,1,0,0,0,1,0,0,0,0,1,1,1,1,1,0,1,0,0,0
PISA3276,0,0,0,0,1,1,1,0,0,0,0,1,0,0,0,1,1,0,0,0,0,0,1,1,1,0,0,0,0,0,0,0
PISA3287,0,1,1,1,0,0,1,0,0,1,1,1,0,0,0,0,1,1,1,1,1,0,1,1,1,1,0,0,1,1,0,0
PISA3292,1,1,1,1,1,1,1,1,1,1,1,1,1,1,1,1,1,1,1,1,1,1,1,1,1,1,0,0,1,1,0,1
PISA3293,0,1,1,0,1,1,0,0,0,1,1,1,0,1,1,1,1,0,1,0,0,1,1,1,1,1,1,1,1,1,0,1
PISA3299,0,1,0,1,0,0,0,1,0,0,0,1,1,1,0,0,1,0,1,0,0,0,0,0,0,0,0,0,0,0,0,1
PISA3331,0,1,0,1,0,0,0,0,0,0,0,1,0,1,0,0,0,0,0,1,0,0,1,1,1,0,0,0,1,0,0,0
PISA3338,1,1,1,1,1,1,0,1,1,1,1,1,0,1,0,0,1,0,1,1,0,0,1,1,1,0,0,0,0,1,0,0
PISA3339,0,1,1,1,1,1,0,0,0,1,1,1,1,1,1,1,0,0,1,0,0,0,1,1,1,1,0,0,0,0,0,0
PISA3365,0,1,1,1,1,0,0,0,0,1,0,1,1,1,0,0,1,0,0,0,0,0,1,1,1,0,0,0,0,0,0,0
PISA3374,0,1,1,1,1,0,1,0,0,0,1,1,1,1,0,1,0,1,1,1,0,1,1,1,1,1,1,1,1,1,0,1
PISA3378,0,1,1,1,1,0,1,0,0,1,1,1,0,1,0,0,1,1,0,0,0,0,1,1,1,1,1,0,1,1,0,0
PISA3411,0,0,0,0,0,1,1,0,0,0,0,1,0,0,0,0,0,0,0,1,0,0,1,0,1,0,0,0,0,0,0,0
PISA3428,1,1,1,1,1,1,0,0,0,0,0,1,1,0,1,1,0,0,0,0,0,1,1,1,1,0,0,0,0,1,0,0
PISA3442,0,1,0,1,1,1,0,1,0,1,0,1,1,0,1,1,0,0,1,1,1,0,1,0,0,1,0,0,0,0,0,1
PISA3448,1,1,0,1,1,0,0,0,0,0,1,1,1,1,1,0,0,0,0,0,1,0,1,1,1,0,1,0,0,0,0,1
PISA3451,1,1,1,1,1,0,0,0,0,0,0,0,1,0,1,1,1,1,1,1,0,0,1,1,1,1,0,0,1,0,0,0
PISA3456,0,1,0,0,0,0,0,0,0,0,0,0,0,0,0,0,0,0,0,0,0,0,0,0,0,1,1,0,0,0,0,0
PISA3469,0,0,0,0,1,0,0,0,0,0,0,0,0,1,0,0,1,1,1,0,0,0,0,0,0,0,0,0,0,0,0,1
PISA3474,0,0,0,0,0,0,0,0,0,0,0,0,0,0,0,0,1,0,0,0,0,0,0,0,0,0,0,0,0,0,0,0
PISA3481,0,1,0,0,0,0,0,0,0,0,0,1,0,1,1,1,0,0,0,1,0,0,1,1,0,0,0,0,1,0,0,0
PISA3493,0,0,0,0,0,0,0,0,0,0,0,1,0,0,0,0,1,0,0,0,0,0,0,0,1,0,0,0,0,0,0,0
PISA3501,1,1,0,1,1,0,1,0,0,0,0,0,0,1,1,1,0,0,1,1,0,0,1,1,1,0,1,0,0,0,0,0
PISA3503,0,0,0,0,1,0,1,0,0,0,0,0,0,1,0,0,1,0,0,0,0,0,0,1,0,1,1,0,0,0,0,0
PISA3510,0,1,0,1,1,0,0,0,0,0,1,1,0,0,0,1,0,0,0,0,0,0,1,1,0,0,0,0,0,0,0,0
PISA3517,0,1,1,1,1,1,0,0,0,1,1,1,1,1,1,1,0,0,1,1,1,0,1,1,1,0,0,0,0,0,0,0
PISA3547,0,0,0,1,0,0,0,0,0,0,0,0,0,1,0,0,0,0,0,1,0,0,1,0,1,0,1,0,1,0,0,0
PISA3560,0,1,1,1,0,0,0,0,0,0,0,1,0,1,1,1,0,1,0,0,0,1,1,1,1,0,1,1,0,0,0,1
PISA3581,1,1,1,1,1,1,1,0,0,1,1,1,1,1,1,1,1,1,1,0,1,0,1,1,1,1,1,1,1,1,0,1
PISA3599,0,1,0,1,0,0,0,0,0,0,0,1,0,1,0,0,0,0,0,0,0,0,1,0,1,0,0,0,0,0,0,0
PISA3607,0,1,0,1,1,0,0,1,0,0,1,0,0,1,0,0,1,0,0,0,0,0,0,0,0,0,0,0,0,0,0,0
PISA3612,0,0,0,0,1,0,0,0,0,0,0,0,0,0,0,1,0,0,0,0,0,0,0,0,0,0,0,0,0,0,0,0
PISA3628,0,1,0,1,0,0,0,0,0,0,1,1,1,0,1,1,1,1,0,0,0,1,1,0,1,0,0,0,1,0,0,0
PISA3641,1,1,1,1,1,1,1,0,1,1,0,1,1,0,1,1,1,1,1,0,1,1,1,1,1,1,1,1,1,1,0,1
PISA3670,0,1,1,1,0,1,1,1,0,1,1,1,1,1,1,1,1,1,1,1,1,1,1,1,1,1,1,1,1,1,0,1
PISA3680,0,1,1,1,1,1,1,0,1,1,1,1,0,1,1,1,0,0,1,1,0,1,1,0,1,1,1,0,1,1,0,1
PISA3681,0,1,0,1,1,0,1,1,0,1,1,1,1,1,0,0,1,1,1,1,1,1,1,1,1,1,1,1,1,1,0,1
PISA3689,0,0,1,1,0,1,1,0,0,1,1,1,1,0,1,1,1,0,1,0,1,1,1,1,1,1,1,0,1,1,0,1
PISA3706,1,1,1,1,1,1,0,1,0,1,0,1,1,1,1,1,1,1,0,1,1,1,1,1,1,1,1,0,1,1,0,1
PISA3717,0,1,1,1,1,0,1,1,0,1,0,1,1,1,1,0,1,0,0,1,0,0,0,1,1,0,1,0,1,0,0,0
PISA3742,0,1,1,1,0,0,1,0,0,0,0,1,0,0,0,0,1,0,0,0,0,0,1,1,1,1,1,0,0,0,0,0
PISA3749,0,1,0,0,1,0,0,0,0,0,0,1,0,0,1,1,0,1,0,0,0,1,1,0,0,0,0,0,0,0,0,0
PISA3762,1,1,0,1,1,1,1,0,0,1,0,0,1,1,0,1,1,1,1,0,0,1,1,1,1,1,0,0,0,1,0,1
PISA3766,0,1,1,1,0,0,0,0,0,0,0,1,0,0,0,0,0,1,1,0,0,0,1,1,1,1,1,0,0,0,0,0
PISA3780,1,1,0,0,1,0,0,0,0,0,1,1,0,0,0,0,0,1,0,0,0,0,1,1,1,0,0,0,0,1,0,0
PISA3800,0,0,1,0,1,0,1,0,0,0,1,1,0,0,1,0,0,0,0,0,0,1,1,0,1,1,1,0,1,0,0,0
PISA3805,0,1,0,1,1,1,0,1,0,1,1,1,0,1,0,1,1,1,1,0,1,1,1,1,1,1,1,0,1,1,0,1
PISA3810,1,1,1,1,1,1,0,0,0,1,1,1,1,1,1,1,0,1,0,0,1,1,1,1,1,1,1,0,1,1,0,1
PISA3815,0,0,0,1,0,0,1,0,0,0,0,0,1,1,0,0,0,0,0,0,0,0,1,1,1,0,0,0,0,0,0,0
PISA3818,0,1,0,1,0,0,1,0,0,1,0,0,0,1,0,1,0,1,0,0,0,0,1,1,1,0,1,1,0,0,0,0
PISA3839,0,1,1,1,1,1,1,1,1,1,1,1,1,1,1,1,1,1,1,1,1,1,1,1,1,1,1,0,1,1,0,1
PISA3854,0,1,1,1,1,0,0,1,0,1,0,1,1,1,1,1,0,0,0,1,0,1,1,1,1,0,1,0,0,1,0,1
PISA3877,0,0,1,1,0,1,1,0,0,1,0,1,0,1,1,1,0,1,1,1,0,0,1,1,1,1,0,0,0,1,0,0
PISA3882,0,0,1,1,1,1,1,0,0,1,0,0,0,1,0,0,0,0,0,1,0,1,1,0,1,0,0,0,0,0,0,0
PISA3918,0,1,1,1,0,0,1,0,0,1,1,1,0,1,0,1,1,0,0,1,0,0,0,1,1,1,0,0,1,0,0,0
PISA3920,0,0,1,1,1,0,0,0,0,1,0,0,0,1,0,0,0,0,0,0,1,0,1,1,1,1,0,0,1,1,0,0
PISA3928,0,1,1,1,1,1,1,0,0,1,1,0,1,1,1,1,1,1,0,0,1,0,1,1,1,1,1,0,1,1,0,1
PISA3943,1,1,0,1,1,1,0,0,0,1,1,0,1,1,1,1,1,1,1,1,0,1,1,0,1,1,0,1,1,1,0,1
PISA3955,0,1,0,1,1,0,1,0,0,1,0,1,1,0,1,1,1,1,0,0,0,1,1,1,1,1,1,0,1,0,0,1
PISA3957,1,0,1,1,1,1,1,0,0,1,1,1,1,1,1,1,1,1,1,1,1,1,1,1,1,1,1,1,0,1,0,1
PISA3966,0,1,0,0,0,0,0,0,0,0,0,1,0,1,0,1,0,1,0,1,0,0,1,0,0,1,1,0,0,0,0,0
PISA3973,0,1,0,1,1,0,0,0,0,0,0,1,0,1,0,0,1,0,1,0,0,0,1,0,0,1,0,0,0,0,0,0
PISA3977,0,0,0,1,1,1,1,0,0,1,1,1,0,0,1,1,1,1,1,0,1,0,1,1,0,1,0,0,0,1,0,1
PISA3990,1,1,0,1,1,0,0,0,0,0,0,1,0,1,0,1,1,1,0,1,1,0,1,1,1,0,0,1,0,0,0,1
PISA4006,1,0,0,0,1,0,0,0,0,0,1,0,0,0,1,0,0,0,0,0,0,0,1,0,0,0,0,0,0,0,0,0
PISA4008,0,0,0,0,1,0,0,0,0,0,0,1,0,0,1,0,0,0,0,0,0,0,1,1,1,0,0,0,0,0,0,0
PISA4021,0,0,0,0,1,0,1,0,0,1,0,0,0,0,0,1,1,0,1,0,0,0,1,1,0,0,0,0,1,0,0,0
PISA4033,0,0,0,1,0,0,1,0,0,0,0,0,0,0,1,1,1,0,0,0,0,0,1,0,1,1,0,0,0,0,0,1
PISA4039,1,1,1,1,1,0,1,1,0,1,0,0,0,1,1,1,1,1,0,0,1,1,0,1,1,0,0,0,1,1,0,1
PISA4040,0,1,0,1,0,0,0,0,0,0,0,1,0,1,0,1,0,0,0,1,0,0,1,1,1,0,0,0,0,0,0,0
PISA4051,0,1,0,1,1,0,0,0,0,0,1,1,1,1,1,1,0,0,1,1,0,0,1,1,1,0,1,0,0,0,0,0
PISA4075,0,0,0,1,0,1,0,0,0,1,0,1,0,0,0,1,0,1,0,1,0,0,1,0,0,0,0,0,1,0,0,0
PISA4087,0,1,0,1,1,1,1,0,0,1,1,1,1,0,1,1,0,0,1,1,0,1,1,1,1,1,1,0,1,0,0,1
PISA4102,1,1,1,1,0,1,0,1,0,1,1,0,1,1,1,1,1,1,1,1,1,1,1,1,1,1,1,1,1,1,0,1
PISA4105,1,1,1,1,1,1,1,1,1,1,1,1,1,1,1,1,1,1,1,1,1,1,1,1,0,1,1,1,1,1,0,1
PISA4113,1,1,1,1,0,1,1,1,0,1,1,1,1,1,0,1,1,1,1,1,0,0,1,1,1,1,1,1,1,1,0,1
PISA4134,0,1,0,0,0,0,0,0,0,0,1,1,0,1,0,0,0,0,0,0,0,0,1,0,1,0,0,0,1,0,0,0
PISA4148,0,1,0,1,1,1,0,0,0,1,1,1,0,1,1,1,1,0,0,1,0,0,0,0,1,1,1,1,0,1,0,1
PISA4149,0,0,0,0,1,0,1,0,0,0,0,1,0,1,1,1,0,0,1,0,0,0,1,0,0,0,0,0,0,0,0,0
PISA4154,0,1,1,0,1,0,0,0,0,0,1,1,0,1,0,0,1,0,0,0,0,0,1,1,1,0,0,0,0,0,0,0
PISA4185,0,1,1,1,1,0,0,1,0,0,1,1,1,1,0,0,0,0,0,0,0,0,1,1,1,0,1,0,0,1,0,1
PISA4190,0,1,0,1,0,0,1,0,0,0,1,1,0,1,1,1,0,0,0,0,1,0,1,1,1,0,0,0,0,0,0,0
PISA4203,1,1,1,1,1,1,0,0,0,1,0,1,1,0,1,1,1,0,1,1,0,1,1,1,1,1,1,1,1,1,0,1
PISA4205,0,1,0,0,1,0,0,0,0,0,0,1,0,0,0,0,1,0,0,0,0,0,1,1,0,0,0,0,1,0,0,0
PISA4214,0,0,0,1,1,0,0,0,0,1,0,0,1,1,1,1,1,1,1,1,0,0,1,1,0,1,1,0,0,0,0,1
PISA4217,1,0,0,1,1,1,1,0,0,1,0,0,0,1,1,0,1,0,0,1,0,1,1,1,1,0,0,0,1,0,0,1
PISA4242,0,1,1,1,1,1,0,0,0,1,1,1,1,0,1,1,1,0,1,0,0,0,1,1,1,0,0,0,0,0,0,1
PISA4249,0,0,0,0,0,1,0,0,0,0,0,0,0,0,0,0,0,0,0,1,0,0,1,1,0,0,0,0,0,0,0,0
PISA4254,0,1,1,1,0,1,0,0,0,0,0,1,0,1,1,0,0,0,0,1,0,0,1,1,1,0,0,0,0,0,0,0
PISA4265,1,1,1,1,0,1,1,0,0,1,1,1,0,1,0,1,0,1,1,1,0,0,1,1,1,1,1,0,1,0,0,1
PISA4279,0,1,0,1,0,0,1,0,0,1,1,1,0,0,0,0,1,0,0,0,1,0,1,1,0,1,0,0,0,0,0,0
PISA4286,1,0,0,1,1,0,1,0,0,1,0,1,1,1,1,1,1,0,1,1,0,0,1,0,1,0,0,0,0,0,0,1
PISA4306,0,1,0,1,1,0,0,0,0,0,1,1,1,1,1,1,1,1,0,0,0,0,1,1,1,0,0,0,1,0,0,0
PISA4313,0,1,1,1,1,0,0,0,0,1,1,1,0,1,0,1,1,0,1,1,0,0,1,1,1,0,1,0,1,0,0,0
PISA4329,1,1,0,1,1,1,1,1,0,1,1,0,1,0,1,1,1,1,1,1,1,1,1,1,1,1,1,0,1,0,0,1
PISA4334,1,1,0,1,1,1,0,1,1,0,1,1,1,1,1,1,1,1,1,1,1,1,1,1,1,1,1,1,1,1,1,1
PISA4352,1,1,1,1,0,0,1,0,0,0,0,1,1,1,0,0,0,1,1,0,0,0,1,1,1,1,1,0,1,0,0,0
PISA4374,0,1,0,1,1,0,1,0,0,0,0,1,0,1,0,0,1,0,1,0,0,1,1,1,1,1,0,0,0,0,0,0
PISA4382,0,0,1,1,0,0,0,0,0,0,1,1,1,1,0,1,0,0,1,1,1,0,1,1,1,0,0,0,0,1,0,1
PISA4386,0,0,0,1,1,0,0,0,0,0,0,1,0,1,0,0,0,0,0,0,0,0,1,0,0,0,1,0,0,0,0,0
PISA4389,1,1,0,1,0,0,0,0,0,1,1,1,1,1,1,1,1,1,1,1,0,1,1,1,1,1,1,0,1,1,0,1
PISA4397,0,1,0,1,1,1,1,1,1,0,0,1,1,1,1,1,1,0,1,1,0,0,0,1,1,1,1,0,0,0,0,0
PISA4423,0,0,0,1,1,0,1,0,0,1,1,1,1,1,0,1,0,0,0,1,0,0,1,1,1,0,0,0,1,0,0,1
PISA4431,0,1,0,1,1,1,0,0,0,1,0,1,0,1,0,1,1,1,0,0,1,0,1,0,0,1,0,0,0,1,0,0
PISA4439,0,0,0,1,1,0,1,0,0,0,1,1,0,1,0,0,0,1,0,1,0,0,1,0,1,0,1,0,0,0,0,0
PISA4446,0,1,1,1,1,1,1,0,0,1,0,0,1,0,1,0,0,0,1,1,0,0,1,1,1,0,1,1,0,1,0,1
PISA4467,0,0,0,0,1,0,1,0,0,1,0,0,0,1,0,0,0,0,1,0,0,0,1,0,1,1,1,0,1,0,0,0
PISA4469,0,1,0,0,1,0,1,1,0,1,0,1,1,0,1,1,1,0,0,0,1,0,1,1,0,0,0,0,1,0,0,0
PISA4474,0,1,0,1,1,0,1,0,0,1,0,1,0,1,0,0,0,0,0,0,0,0,1,1,1,1,0,0,1,0,0,1
PISA4488,0,1,1,1,0,0,0,0,0,0,0,1,0,1,0,0,1,0,0,0,0,0,1,1,1,0,1,0,1,0,0,0
PISA4490,0,1,1,1,1,0,0,0,0,0,1,1,0,0,1,1,1,1,0,1,0,0,1,1,1,0,1,0,0,0,0,1
PISA4500,0,0,1,1,0,0,1,0,0,0,0,0,0,0,0,0,0,0,1,0,0,0,0,0,0,1,1,0,0,0,0,0
PISA4514,0,0,0,1,1,0,1,0,0,0,0,1,0,1,1,0,0,0,1,0,0,0,1,1,0,0,0,0,0,0,0,0
PISA4516,1,1,1,1,1,1,0,0,0,1,0,1,0,1,1,1,0,0,0,1,0,0,1,1,1,1,0,0,0,0,0,0
PISA4519,1,0,0,0,1,0,0,0,0,0,0,1,0,1,1,1,0,0,1,1,0,0,1,0,0,0,1,0,0,0,0,0
PISA4557,0,1,0,0,1,1,0,0,0,0,1,0,0,1,0,0,1,0,1,0,0,0,1,1,0,0,0,0,0,0,0,0
PISA4564,0,1,1,1,0,1,0,0,0,1,1,1,1,1,1,1,1,1,1,0,1,1,1,1,1,1,1,1,1,1,1,1
PISA4565,1,0,0,1,1,0,0,0,0,0,0,0,0,1,1,1,0,0,0,0,0,0,1,1,1,0,0,0,0,0,0,0
PISA4577,0,1,0,1,1,0,1,0,0,0,0,1,0,1,0,0,1,0,1,0,0,0,1,1,1,0,0,0,0,0,0,1
PISA4600,0,1,0,0,0,0,1,0,0,0,1,0,0,0,0,0,0,1,0,1,0,0,1,1,1,0,0,0,0,0,0,0
PISA4607,0,1,0,0,1,0,1,0,0,0,1,1,0,1,0,0,1,1,0,0,0,0,1,0,1,1,1,0,0,0,0,0
PISA4617,0,1,1,1,1,1,1,1,1,1,1,1,1,1,1,1,1,1,1,1,1,1,1,1,1,1,1,1,1,1,0,0
PISA4618,0,1,1,0,1,1,0,0,0,0,1,1,1,1,1,1,0,0,0,1,0,1,1,1,1,0,1,0,1,0,0,1
PISA4637,1,1,0,1,1,1,1,0,0,1,1,1,1,1,1,1,0,0,0,1,0,0,1,1,1,1,1,0,1,1,0,0
PISA4650,0,1,0,0,0,0,1,0,0,0,0,1,0,1,0,0,0,0,0,1,0,0,1,1,0,0,1,0,0,0,0,0
PISA4655,0,1,1,0,1,1,1,0,0,0,1,1,1,1,0,1,1,0,1,1,1,0,1,1,1,1,0,0,1,1,0,1
PISA4686,0,0,0,1,1,0,1,0,0,1,1,1,1,1,1,1,1,1,0,0,0,0,1,1,1,0,1,0,1,0,0,0
PISA4689,0,0,1,1,1,0,0,0,0,1,0,1,0,1,1,1,0,1,1,1,0,0,1,0,1,1,0,0,0,0,0,0
PISA4720,1,1,0,1,1,1,1,0,0,1,1,1,1,1,1,1,0,0,1,1,1,1,1,1,1,1,0,0,1,1,0,1
PISA4744,1,1,1,0,0,1,0,0,0,1,1,0,0,0,0,0,0,0,0,0,0,0,1,1,1,1,0,0,0,0,0,0
PISA4752,0,1,1,1,1,1,1,0,0,0,0,1,1,1,1,1,1,0,1,1,1,1,1,1,1,1,0,0,0,0,0,1
PISA4758,0,1,0,1,1,0,0,0,0,0,1,1,0,0,0,0,1,0,0,0,0,0,1,1,0,1,0,0,0,0,0,0
PISA4773,1,1,0,1,0,0,1,0,0,0,1,1,0,1,0,0,1,0,0,0,0,0,1,1,1,1,1,0,0,0,0,0
PISA4791,1,1,0,1,1,0,0,0,0,1,1,0,1,1,1,1,1,0,0,0,1,0,1,1,1,1,0,0,1,1,0,1
PISA4795,0,0,0,1,0,0,0,0,0,1,1,1,0,1,0,0,0,0,0,0,0,0,1,1,0,0,1,0,1,0,0,0
PISA4811,1,1,1,0,1,0,0,0,0,1,0,0,1,1,0,1,0,1,1,0,0,0,1,1,1,1,0,0,0,0,0,1
PISA4826,1,1,1,1,1,1,1,1,0,1,1,1,1,1,1,0,0,1,1,0,1,1,1,1,1,1,1,1,1,1,0,1
PISA4835,0,1,0,1,0,0,0,0,0,1,1,1,0,1,1,0,0,0,0,1,0,0,1,1,1,1,0,0,0,0,0,0
PISA4848,1,1,1,1,0,0,0,0,0,1,1,1,0,1,0,0,0,1,1,1,0,0,1,1,1,1,0,0,0,0,0,1
PISA4874,0,1,0,0,0,0,0,0,0,0,0,1,0,0,1,1,0,0,0,0,0,0,0,0,1,0,0,0,0,0,0,0
PISA4879,0,1,1,1,1,0,1,1,1,1,1,0,1,1,1,1,1,1,1,1,1,0,1,1,1,1,1,0,0,0,0,0
PISA4881,0,1,0,1,1,1,0,0,0,1,0,0,0,1,1,1,1,1,1,1,1,0,1,1,1,1,1,0,0,1,0,0
PISA4898,1,1,1,1,0,0,1,0,0,1,1,0,1,1,1,1,1,1,0,1,0,1,1,0,1,1,1,0,1,1,0,1
PISA4907,1,1,1,1,1,0,1,1,0,1,1,0,1,1,1,1,1,0,0,1,1,1,1,1,1,1,0,0,1,1,0,1
PISA4928,1,1,1,1,1,1,0,1,1,1,1,1,1,1,1,1,1,1,1,1,1,1,1,1,1,1,1,1,1,1,1,1
PISA4935,1,0,0,1,0,0,0,0,0,1,1,1,0,1,0,1,1,0,0,0,0,0,1,0,1,0,0,0,0,0,0,0
PISA4943,1,1,1,1,1,0,1,1,1,1,1,1,1,1,1,1,1,1,1,1,1,1,1,1,1,1,1,1,1,1,0,1
PISA4956,1,1,1,1,1,1,1,1,1,0,1,1,1,1,1,1,0,1,1,1,1,1,1,1,1,1,1,0,1,1,1,1
PISA4957,0,1,1,1,1,1,1,1,1,1,1,1,1,1,1,1,1,1,1,1,0,1,1,1,1,1,1,0,0,1,0,0
PISA4970,0,1,0,0,0,0,1,0,0,0,0,0,0,1,0,0,0,0,0,0,0,0,0,0,1,0,1,0,0,0,0,0
