"item","n","correct","incorrect","proportion_correct","C","Dxy","tied_pair_fraction","Cplus","concordance_pair_numerator","pad1","pad2","rarity_factor","discrimination_factor","raw_weight","operational_weight","share","constant","small_group","score_type"
"Item01",2922,2345,577,0.802532511978097,0.662698022637493,0.325396045274987,0.0574791307143411,0.325396045274987,950.807244293512,0.802600068422853,0.674715277354255,1.21989873589783,1.39346448842406,1.69988556794702,1.09517513675761,0.0297905866252213,FALSE,FALSE,"rest"
"Item02",2922,2426,496,0.83025325119781,0.632875867616945,0.265751735233891,0.0587752306996782,0.265751735233891,776.526570353429,0.83031132398221,0.734339182225991,1.18595455938464,1.30878425597814,1.55215865562811,1,0.0272016644875813,FALSE,FALSE,"rest"
"Item03",2922,1693,1229,0.579397672826831,0.662595755172425,0.325191510344851,0.0597722782317656,0.325191510344851,950.209593227654,0.579541566883339,0.674919742310074,1.54551788989925,1.39316149546018,2.15315601475249,1.38720098421973,0.0377341757495877,FALSE,FALSE,"rest"
"Item04",2922,2062,860,0.705681040383299,0.706186418694877,0.412372837389755,0.0559069993007466,0.412372837389755,1204.95343085286,0.705781731098187,0.587768241240895,1.34844925203999,1.53142255632957,2.06504560063979,1.33043461320913,0.0361900359711796,FALSE,FALSE,"rest"
"Item05",2922,2592,330,0.887063655030801,0.725945800598578,0.451891601197157,0.0497708567153012,0.451891601197157,1320.42725869809,0.887102292165583,0.548262997366373,1.11979497957258,1.60100018495854,1.79279196941135,1.15503138993601,0.031418776341664,FALSE,FALSE,"rest"
"Item06",2922,2494,428,0.853524982888433,0.711964321849073,0.423928643698147,0.0528061740701047,0.423928643698147,1238.71949688598,0.853575094081423,0.576216388338698,1.15832175692563,1.551272014635,1.79687212546157,1.15766008774047,0.0314902812973802,FALSE,FALSE,"rest"
"Item07",2922,2107,815,0.721081451060917,0.747549651905276,0.495099303810553,0.0538130275651422,0.495099303810553,1446.68016573443,0.721176873075607,0.505070076724449,1.32687085544999,1.68305809354287,2.23320073235126,1.43877091704105,0.0391369637598403,FALSE,FALSE,"rest"
"Item08",2922,2624,298,0.898015058179329,0.684832317073171,0.369664634146341,0.0548908372892454,0.369664634146341,1080.16006097561,0.89804994868286,0.630461833398697,1.10752959008552,1.46130265927349,1.61843593521605,1.04270006764297,0.0283631774012024,FALSE,FALSE,"rest"
"Item09",2922,2052,870,0.702258726899384,0.661175528220295,0.322351056440591,0.0587999372633371,0.322351056440591,941.909786919406,0.702360588436538,0.677759224454531,1.35330834809231,1.38896318028723,1.87969546707556,1.21102018808438,0.0329417648439589,FALSE,FALSE,"rest"
"Item10",2922,1924,998,0.65845311430527,0.694195824080594,0.388391648161187,0.0579865552310442,0.388391648161187,1134.88039592699,0.658569962367431,0.611741226162508,1.41768451838936,1.49144591895672,2.11439978931993,1.36223174200211,0.0370549708002747,FALSE,FALSE,"rest"
"Item11",2922,2106,816,0.720739219712526,0.723899851963577,0.447799703927155,0.0555369346219019,0.447799703927155,1308.47073487515,0.720834758809442,0.552353494739943,1.32734535130706,1.59356704864496,2.11521381401499,1.36275618883755,0.0370692366271341,FALSE,FALSE,"rest"
"Item12",2922,1266,1656,0.433264887063655,0.756218948187833,0.512437896375667,0.0568214773603193,0.512437896375667,1497.3435332097,0.433458775230927,0.487737415939207,1.83595858479011,1.7179781000389,3.15413664124782,2.0320968026116,0.0552764154309276,FALSE,FALSE,"rest"
"Item13",2922,2205,717,0.754620123203285,0.680128527468635,0.36025705493727,0.05729213117139,0.36025705493727,1052.6711145267,0.754704071159767,0.63986619414071,1.2814295652978,1.44649619614208,1.85358299182727,1.19419685939076,0.0324841423012706,FALSE,FALSE,"rest"
"Item14",2922,1903,1019,0.651266255989049,0.655062483336831,0.310124966673663,0.0594536698163171,0.310124966673663,906.185152620443,0.651385562777968,0.68998113150173,1.42865354975994,1.3710910274144,1.95881406335958,1.26199345424962,0.0343283225280221,FALSE,FALSE,"rest"
"Item15",2922,2577,345,0.881930184804928,0.754905996749394,0.509811993498788,0.0479908668095134,0.509811993498788,1489.67064500346,0.88197057817311,0.49036242045725,1.12559658161211,1.71261052768536,1.92770855559556,1.2419532942755,0.0337831968201284,FALSE,FALSE,"rest"
"Item16",2922,2058,864,0.704312114989733,0.71370982255336,0.42741964510672,0.0563519058417018,0.42741964510672,1248.92020300184,0.704413274033527,0.57272658125151,1.35039005808346,1.55734684674025,2.10302569882565,1.35490382455434,0.0368556392484678,FALSE,FALSE,"rest"
"Item17",2922,2588,334,0.885694729637235,0.672120982146989,0.344241964293978,0.0540541791224352,0.344241964293978,1005.875019667,0.885733835100924,0.65587580579302,1.12133878535971,1.42178382839889,1.59430135118089,1.0271510231251,0.0279402175091247,FALSE,FALSE,"rest"
"Item18",2922,2471,451,0.845653661875428,0.680456039503922,0.360912079007844,0.0541994452724778,0.360912079007844,1054.58509486092,0.845706465959631,0.639211394163216,1.16758294653366,1.44752005902684,1.69009973568515,1.08887047696887,0.0296190893849399,FALSE,FALSE,"rest"
"Item19",2922,2076,846,0.71047227926078,0.713778315272596,0.427556630545193,0.0553107221106237,0.427556630545193,1249.32047445305,0.710571330824495,0.57258964267771,1.34168594123513,1.55758597471485,2.08979120453993,1.34637731585129,0.0366237040194771,FALSE,FALSE,"rest"
"Item20",2922,1347,1575,0.460985626283368,0.743814944438552,0.487629888877105,0.0573087755270383,0.487629888877105,1424.8545352989,0.461170030790284,0.512536936264488,1.77398847363899,1.66838249980657,2.95969132427786,1.90682267791765,0.0518687507220273,FALSE,FALSE,"rest"
"Item21",2922,2209,713,0.755989048596851,0.719848420683713,0.439696841367426,0.0544838563647249,0.439696841367426,1284.79417047562,0.756072528224427,0.560453585194793,1.27961797059945,1.57900884954238,2.02052809960998,1.30175358832267,0.0354098643550582,FALSE,FALSE,"rest"
"Item22",2922,1843,1079,0.630732375085558,0.738840247672103,0.477680495344205,0.0551006563924214,0.477680495344205,1395.78240739577,0.630858706808074,0.522482925967921,1.46067336099471,1.64916297325045,2.40888842296576,1.5519601776733,0.0422159000511562,FALSE,FALSE,"rest"
"Item23",2922,2372,550,0.811772758384668,0.703565460677602,0.407130921355205,0.0548007051969952,0.407130921355205,1189.63655219991,0.811837153609306,0.593008363941188,1.20845550867548,1.52254677562994,1.83993003822609,1.18540075240023,0.0322448735501174,FALSE,FALSE,"rest"
"Item24",2922,1563,1359,0.534907597535934,0.658306957667586,0.316613915335172,0.0600701373794381,0.316613915335172,925.145860609373,0.535066712281902,0.68349440280213,1.62536384400599,1.38053681187561,2.24387461934192,1.44564771855355,0.0393240242073309,FALSE,FALSE,"rest"
"Item25",2922,1809,1113,0.619096509240246,0.624316274274033,0.248632548548065,0.0607653556118777,0.248632548548065,726.504306857447,0.619226821758467,0.751452512193826,1.47928364085137,1.28574726247924,1.90198489165497,1.22538046272421,0.0333323882166612,FALSE,FALSE,"rest"
"Item26",2922,2053,869,0.702600958247775,0.634468237281656,0.268936474563313,0.0589728915612001,0.268936474563313,785.832378674,0.702702702702703,0.731155532441327,1.35282137462274,1.31312907518638,1.77642908055072,1.14448936911791,0.031132015828349,FALSE,FALSE,"rest"
"Item27",2922,1305,1617,0.446611909650924,0.689969836767866,0.379939673535733,0.0595824536711236,0.379939673535733,1110.18372607141,0.446801231611358,0.620190309246866,1.80564145527487,1.47772889764446,2.66824855724448,1.71905658456333,0.0467612004484592,FALSE,FALSE,"rest"
"Item28",2922,2395,527,0.819644079397673,0.709451616864673,0.418903233729346,0.0531911437886489,0.418903233729346,1224.03524895715,0.819705781731098,0.581240079043056,1.19880980587591,1.54259139053926,1.84927368543821,1.19142052826415,0.0324086214734582,FALSE,FALSE,"rest"
