"calibration_n","metric","mean","sd","p025","median","p975"
50,"pearson",0.996075345225981,0.00151985367473485,0.993272450272784,0.99637529711482,0.99797454032016
50,"spearman",0.995974697623971,0.00147870918721604,0.992883556064205,0.996330117644882,0.997916748651126
50,"rmse",0.0166887829844203,0.00387671831612972,0.0116352709663614,0.0160857415438297,0.0266997807631141
50,"mean_change",0.00302942322978056,0.00672866962820503,-0.0089041999432089,0.00364299131822136,0.0171204772016092
50,"max_abs_change",0.0539274781583163,0.0101188252673978,0.0372426662459151,0.0538790394123777,0.0735378436612725
50,"mean_rank_shift_pp",1.90794262080873,0.333312393242362,1.39431096734098,1.84741441292683,2.5674171692915
50,"p95_rank_shift_pp",5.27023945267959,0.933104755365971,3.93101482326112,5.13112884834664,7.2491448118586
50,"max_rank_shift_pp",9.91676168757126,2.37580344561655,6.49942987457241,9.80615735461801,15.3392246294185
50,"top_decile_overlap",0.946363636363636,0.0203073471008068,0.903125,0.948863636363636,0.977272727272727
50,"max_share",0.0604289821700653,0.00764201666965967,0.0506307499489556,0.059228191352441,0.0783965304513317
50,"effective_items",26.2241590467586,0.468059604318226,25.2451687491991,26.2742254991246,26.9539401044709
50,"operational_max",2.89266959763764,0.442264702751473,2.15066899034027,2.83861132918549,3.92837370094994
50,"constants",0.01,0.1,0,0,0
50,"small_groups",1.88,1.27350625511545,0,2,4
50,"negative_items",0.74,0.927906299693078,0,0,3
50,"share_L1",0.155582345254816,0.0265951484648922,0.115150703480156,0.153007696991945,0.206864369080176
50,"share_max_abs",0.0194230565471112,0.00783621011574894,0.0111015591186071,0.017411876750564,0.0428349268088615
100,"pearson",0.998302640227392,0.000536557773061524,0.99706070100452,0.998352499410213,0.999243628675925
100,"spearman",0.998189835623087,0.000562765825730415,0.997030599980359,0.998251676218968,0.999166872294958
100,"rmse",0.0108853338349525,0.00214355241043477,0.00744179984276922,0.0106765159940151,0.0156630135323348
100,"mean_change",0.000705524284815766,0.00432010902748935,-0.00693306580156069,0.000163179572601128,0.00870539200061493
100,"max_abs_change",0.0356346950053351,0.00612040057228239,0.0248912801895731,0.0357042255538858,0.0477529195138931
100,"mean_rank_shift_pp",1.28730551051904,0.199829408098893,0.878799265142779,1.29198092907692,1.68273462579099
100,"p95_rank_shift_pp",3.53683010262258,0.555580519610621,2.44298745724059,3.53477765108324,4.63854047890535
100,"max_rank_shift_pp",6.67616875712657,1.34217276191522,4.20752565564424,6.67046750285063,9.6921322690992
100,"top_decile_overlap",0.969772727272727,0.0138206856993941,0.943181818181818,0.965909090909091,0.988636363636364
100,"max_share",0.0568815404162238,0.00469867271981513,0.0474399380743588,0.0568485245223544,0.0664537622740473
100,"effective_items",26.6898112249548,0.305177379690915,26.1371006486707,26.6931397330957,27.2744200591438
100,"operational_max",2.47496927104745,0.327028426166309,1.89204409861151,2.43672309874511,3.20582052859168
100,"constants",0,0,0,0,0
100,"small_groups",0,0,0,0,0
100,"negative_items",0.1,0.333333333333333,0,0,1
100,"share_L1",0.103525796393261,0.0157164706632742,0.0696073568504892,0.104199597363015,0.132767541292632
100,"share_max_abs",0.011101861530183,0.00274621733775496,0.00741737583335463,0.0105360667334173,0.0184446617952991
250,"pearson",0.99934755159625,0.000210105161611341,0.998812511113679,0.999402522650796,0.999620399348524
250,"spearman",0.999265747598641,0.000239072417170574,0.998674921063643,0.999304917075018,0.999558947330218
250,"rmse",0.00678535937243127,0.00118473773684902,0.00501014825363427,0.00657456769115052,0.00940431007719437
250,"mean_change",-0.000369196448691976,0.00265690950232423,-0.00492360418134518,-0.000721002650174864,0.00477304238053182
250,"max_abs_change",0.0223264422578063,0.00359804022026011,0.0168453945933268,0.0219450921949602,0.0300260992241844
250,"mean_rank_shift_pp",0.812503494212284,0.131039149390849,0.639151559751355,0.797785547027872,1.12219146593094
250,"p95_rank_shift_pp",2.26567844925884,0.365446720058224,1.76453819840365,2.28050171037628,3.07867730900798
250,"max_rank_shift_pp",4.33181299885975,0.827737843925313,3.13283922462942,4.21892816419612,6.21721778791334
250,"top_decile_overlap",0.982727272727273,0.00988813801456614,0.965909090909091,0.977272727272727,1
250,"max_share",0.0561037911727803,0.00392093807532935,0.0490411967989294,0.0561207208274377,0.063255594000393
250,"effective_items",26.8911485281989,0.206346397595119,26.5360320510211,26.911501188145,27.234929094044
250,"operational_max",2.25930441067662,0.254213246325947,1.89688643070676,2.19283791964847,2.89718577188022
250,"constants",0,0,0,0,0
250,"small_groups",0,0,0,0,0
250,"negative_items",0.01,0.1,0,0,0
250,"share_L1",0.0643375039920389,0.00889638195479311,0.0489097475287252,0.0636367809775816,0.0826834090478799
250,"share_max_abs",0.00701868941939404,0.00178717796894036,0.00455448290114446,0.00660488313448547,0.0111164743594973
500,"pearson",0.999736462130702,8.67839807901721e-05,0.999577515478904,0.999740962672871,0.999866448103908
500,"spearman",0.999685475176588,9.94913865069868e-05,0.999494902493941,0.999695204611862,0.999836047389567
500,"rmse",0.00423499540755925,0.000704778322890714,0.0030139734295684,0.00416256146401977,0.00588112514036912
500,"mean_change",0.000163277576738553,0.00151178748987097,-0.00258422051556745,0.000233160667735376,0.00317014302440917
500,"max_abs_change",0.014219291536438,0.00253059275407174,0.0102750445850415,0.0140083999845387,0.0197886119794073
500,"mean_rank_shift_pp",0.52560233718921,0.0847126286711923,0.373363896043447,0.523709286738635,0.667189769206466
500,"p95_rank_shift_pp",1.49532497149373,0.239010870421394,1.14025085518814,1.48232611174459,1.95039908779931
500,"max_rank_shift_pp",2.96693272519954,0.573222185230322,2.10661345496009,2.96465222348916,4.22462941847207
500,"top_decile_overlap",0.988977272727273,0.00814894298210017,0.977272727272727,0.988636363636364,1
500,"max_share",0.0546096275789876,0.00204535253480647,0.0507299829377328,0.0547464974743549,0.0586286441415103
500,"effective_items",27.0370923441704,0.11069485663106,26.8564013791515,27.0427450726893,27.2272295931413
500,"operational_max",2.07665612391708,0.132459861714221,1.84261915499287,2.05594977403013,2.37701209887348
500,"constants",0,0,0,0,0
500,"small_groups",0,0,0,0,0
500,"negative_items",0,0,0,0,0
500,"share_L1",0.0409238753986256,0.00692505040970639,0.0286863933482722,0.0402439473706849,0.0547374070826706
500,"share_max_abs",0.00428127975342901,0.000987134342948324,0.00276619210246483,0.0042253846829205,0.00588978498585676
1000,"pearson",0.999912409242311,2.43715009394026e-05,0.999862936440277,0.999917170794992,0.999951312571645
1000,"spearman",0.99988427880243,2.95465619477682e-05,0.999823302290133,0.999889423275355,0.999931131719998
1000,"rmse",0.00246837123315798,0.000424130130751404,0.00184799593929026,0.00240796601747651,0.0033571250019015
1000,"mean_change",0.000260796814697218,0.000921184278233223,-0.00164158279207203,0.000288982070974359,0.0019424920301484
1000,"max_abs_change",0.00818673093348729,0.00141297686480861,0.00618933252706357,0.00798297858913727,0.011080073001582
1000,"mean_rank_shift_pp",0.312982607598985,0.0425191815161921,0.238334531658539,0.306450543406893,0.395889376164467
1000,"p95_rank_shift_pp",0.916305587229191,0.126470529765806,0.684150513112888,0.91220068415051,1.14025085518814
1000,"max_rank_shift_pp",1.83238312428734,0.251730575444638,1.36830102622577,1.82440136830103,2.39452679589509
1000,"top_decile_overlap",0.993068181818182,0.00623354332295272,0.982670454545455,0.988636363636364,1
1000,"max_share",0.0542616933282202,0.00129838971805972,0.0520347998743823,0.054120833619523,0.0568374302479864
1000,"effective_items",27.0855326140477,0.0648768580427214,26.9588788043994,27.0953529432038,27.2067199536684
1000,"operational_max",2.01000100062273,0.0783585834256657,1.86668233826218,2.00223864102,2.17285333693768
1000,"constants",0,0,0,0,0
1000,"small_groups",0,0,0,0,0
1000,"negative_items",0,0,0,0,0
1000,"share_L1",0.023805426338625,0.00332670140808926,0.0173795604610126,0.0239523974900178,0.0302594298286369
1000,"share_max_abs",0.00256997482976303,0.000606295464166082,0.00175702781889053,0.00243586964068296,0.00383837942843896
2000,"pearson",0.999997968919554,7.46047078151728e-07,0.999996317094183,0.999998057424591,0.999999074956318
2000,"spearman",0.999993791122693,1.52506076928011e-06,0.999990400702083,0.999993835598892,0.999996380082206
2000,"rmse",0.000375281156397719,7.954624911033e-05,0.000255171844448991,0.000371242493281783,0.000546168716970603
2000,"mean_change",1.87944224325309e-05,0.000148883806245242,-0.000222276077963717,1.77493159547438e-05,0.000316089487245305
2000,"max_abs_change",0.00122897769940971,0.000250529499524022,0.000825926118251616,0.00120954814435204,0.00174418982316659
2000,"mean_rank_shift_pp",0.0557071700585988,0.00951026913764075,0.0388686423213792,0.0557773793472877,0.0759430472651532
2000,"p95_rank_shift_pp",0.221664766248576,0.026547542809424,0.114025085518821,0.22805017103763,0.22805017103763
2000,"max_rank_shift_pp",0.52223489167617,0.105257025963913,0.342075256556446,0.456100342075261,0.744013683010264
2000,"top_decile_overlap",0.998863636363636,0.00342626527929277,0.988636363636364,1,1
2000,"max_share",0.0544016526573241,0.000236262504780311,0.0538821975691042,0.0544042232664461,0.0548569377727061
2000,"effective_items",27.0961949790689,0.0112397457077454,27.0741048314897,27.0967095108845,27.1178593858213
2000,"operational_max",1.97430222004677,0.012707501842027,1.95130136089531,1.97468937844333,2.00069537941742
2000,"constants",0,0,0,0,0
2000,"small_groups",0,0,0,0,0
2000,"negative_items",0,0,0,0,0
2000,"share_L1",0.00354139949898402,0.000598305208409874,0.00249650404398373,0.00348807489130892,0.00460259149645203
2000,"share_max_abs",0.000384355874890951,0.00010915565244978,0.00022329960058866,0.00036462229853803,0.000654092560665823
2045,"pearson",1,0,1,1,1
2045,"spearman",1,0,1,1,1
2045,"rmse",0,0,0,0,0
2045,"mean_change",0,0,0,0,0
2045,"max_abs_change",0,0,0,0,0
2045,"mean_rank_shift_pp",0,0,0,0,0
2045,"p95_rank_shift_pp",0,0,0,0,0
2045,"max_rank_shift_pp",0,0,0,0,0
2045,"top_decile_overlap",1,0,1,1,1
2045,"max_share",0.0543833803561316,0,0.0543833803561316,0.0543833803561316,0.0543833803561316
2045,"effective_items",27.0957832857078,0,27.0957832857078,27.0957832857078,27.0957832857078
2045,"operational_max",1.97103658852246,0,1.97103658852246,1.97103658852246,1.97103658852246
2045,"constants",0,0,0,0,0
2045,"small_groups",0,0,0,0,0
2045,"negative_items",0,0,0,0,0
2045,"share_L1",0,0,0,0,0
2045,"share_max_abs",0,0,0,0,0
